№,Название,Авторы,Журнал,Выпуск,Дата публикации,Ссылка
1,Gemeinsam für unsere Zukunft – Potenzial eines umweltrelevanten Citizen Science-Projekts für den Chemieunterricht,"Mientje Lüsse, Frauke Brockhage, Marco Beeken, Verena Pietzner",CHEMKON,"Volume 29, Issue S1","First published: June 15, 2022",https://onlinelibrary.wiley.com/doi/10.1002/ckon.202100085
2,Gesprächsführung in der Berufsorientierung: Strategien zur Förderung naturwissenschaftlicher Identitäten nach dem Science-Capital-Ansatz,"Lilith Rüschenpöhler, Julian Küsel, Marina Hönig, Silvija Markic",CHEMKON,"Volume 29, Issue 3",First published: 25 November 2020,https://onlinelibrary.wiley.com/doi/10.1002/ckon.202000056
3,So kann Science Outreach gelingen! – Transferprozess zwischen universitärer Forschung und Schulen,"Lena Geuer, Roland Ulber",Chemie Ingenieur Technik,"Volume 97, Issue 4",First published: 12 February 2025,https://onlinelibrary.wiley.com/doi/10.1002/cite.202400152
4,Neue Wege der standardkonformen Gesamtprozesssteuerung in der Life Science Automation,"Bernd Göde, Silke Holzmüller-Laue, Kerstin Thurow",Chemie Ingenieur Technik,"Volume 87, Issue 5",First published: 01 April 2015,https://onlinelibrary.wiley.com/doi/10.1002/cite.201400032
5,Dem Plastikmüll auf der Spur – Ein internationales Citizen-Science-Projekt zur Förderung der naturwissenschaftlichen Grundbildung von Schülerinnen und Schülern,"Katrin Kruse, Katrin Knickmeier, Daniela Honorato-Zimmer, Magdalena Gatta-Rosemary, Anna Weinmann, Tim Kiessling, Katrin Schöps, Martin Thiel, Ilka Parchmann",CHEMKON,"Volume 27, Issue 7",First published: 05 March 2020,https://onlinelibrary.wiley.com/doi/10.1002/ckon.201800093
6,Citizen Science,Georg Zizka,Biologie in unserer Zeit,"Volume 47, Issue 1",First published: 20 February 2017,https://onlinelibrary.wiley.com/doi/10.1002/biuz.201710611
7,"IRRIGATION IN THE TWENTY-FIRST CENTURY: REFLECTIONS ON SCIENCE, POLICY AND SOCIETY",Roberto Lenton,Irrigation and Drainage,"Volume 63, Issue 2",First published: 16 April 2014,https://onlinelibrary.wiley.com/doi/10.1002/ird.1844
8,„smart for science“: Eigene und gestellte Smartphones im Vergleich,"Fabienne E. Kremer, Annette Marohn",CHEMKON,"Volume 29, Issue S1","First published: June 15, 2022",https://onlinelibrary.wiley.com/doi/10.1002/ckon.202200009
9,Psychology as a Science of the Soul: Evangelos Christou’s The Logos of the Soul (1963),Robert Kugelmann,Journal of Analytical Psychology,"Volume 69, Issue 3",First published: 09 May 2024,https://onlinelibrary.wiley.com/doi/10.1111/1468-5922.13002
10,Entwicklungen und Trends in der industriellen Prozessanalytik für Life-Science-Anwendungen,"Martin Gerlach, Reinhard Gross, Thomas Steckenreiter, Jens Traenkle, Albert Tulke",Chemie Ingenieur Technik,"Volume 88, Issue 6",First published: 23 March 2016,https://onlinelibrary.wiley.com/doi/10.1002/cite.201500114
11,Chemie und Science Fiction,Rolf Gelius,Chemie in unserer Zeit,"Volume 46, Issue 5",First published: 02 October 2012,https://onlinelibrary.wiley.com/doi/10.1002/ciuz.201200573
12,"Climate change and water at Stellat'en First Nation, British Columbia, Canada: Insights from western science and traditional knowledge","Darlene Sanderson, Ian M. Picketts, Stephen J. Déry, Bryndel Fell, Sharolise Baker, Eddison Lee-Johnson, Monique Auger",The Canadian Geographer / Le Géographe canadien,"Volume 59, Issue 2",First published: 01 March 2015,https://onlinelibrary.wiley.com/doi/10.1111/cag.12142
13,Community-Science- Projekte in der Wissenschaft,"Fabian Ließmann, Anja Landsmann, Jan Rossa, Jens Meiler",Chemie in unserer Zeit,"Volume 58, Issue 4",First published: 15 May 2024,https://onlinelibrary.wiley.com/doi/10.1002/ciuz.202400009
14,Treatment of Leprosy: science or politics?,Bernard Naafs,Tropical Medicine & International Health,"Volume 11, Issue 3",First published: 07 March 2006,https://onlinelibrary.wiley.com/doi/10.1111/j.1365-3156.2006.01561.x
15,"Building the Bioeconomy through Innovation, Monitoring and Science-based Policies","David Zilberman, Justus Wesseler",EuroChoices,"Volume 22, Issue 3",First published: 23 November 2023,https://onlinelibrary.wiley.com/doi/10.1111/1746-692X.12410
16,Ein Science Camp zu Wissenschaft und Wissenschaftskommunikation: Schüler präsentieren (ihre) Nanoforschung,"Frederike Tirre, Lorenz Kampschulte, Ilka Parchmann",CHEMKON,"Volume 22, Issue 4",First published: 28 October 2015,https://onlinelibrary.wiley.com/doi/10.1002/ckon.201410260
17,Science + Fiction: Isaac Asimov zum 15. Todestag,Thomas Schneider,Chemie in unserer Zeit,"Volume 41, Issue 2",First published: 02 April 2007,https://onlinelibrary.wiley.com/doi/10.1002/ciuz.200700403
18,Science at the center: Meaningful science learning in a preschool classroom,"Sara Raven, Julianne A. Wenner",Journal of Research in Science Teaching,"Volume 60, Issue 3",First published: 12 August 2022,https://onlinelibrary.wiley.com/doi/10.1002/tea.21807
19,»Science-in-fiction« and »Science-in-theatre« as pedagogic tools An Anglo-German Presentation,Carl Djerassi,N/A,N/A,First published: 17 December 2003,https://onlinelibrary.wiley.com/doi/10.1002/9783527623563.ch17
20,Is science really for me? Gender differences in student attitudes toward science,Paul Nnanyereugo Iwuanyanwu,School Science and Mathematics,"Volume 122, Issue 5",First published: 26 August 2022,https://onlinelibrary.wiley.com/doi/10.1111/ssm.12541
21,Science,,N/A,N/A,First published: 22 December 2008,https://onlinelibrary.wiley.com/doi/10.1002/9781118266571.ch6
22,"Science, the Media, and Interpretations of Upper Paleolithic Figurines","April Nowell, Melanie L. Chang",American Anthropologist,"Volume 116, Issue 3",First published: 26 August 2014,https://onlinelibrary.wiley.com/doi/10.1111/aman.12121
23,Science,W. E. Boyd,N/A,N/A,First published: 28 January 2016,https://onlinelibrary.wiley.com/doi/10.1002/9781119076506.wbeps320
24,The Dialogue Between Science and Society,,N/A,N/A,First published: 07 June 2024,https://onlinelibrary.wiley.com/doi/10.1002/9781394299003.ch1
25,Belief in Science-Related Conspiracy Theories,"Shane Littrell, Amanda Diekman, Michelle Seelig, Kamal Premaratne, Stefan Wuchty, Daniel Verdear, Casey A. Klofstad, Joseph Uscinski",Journal of Social Issues,"Volume 81, Issue 1",First published: 16 March 2025,https://onlinelibrary.wiley.com/doi/10.1111/josi.70004
26,DIVINE DNA? “SECULAR” AND “RELIGIOUS” REPRESENTATIONS OF SCIENCE IN NONFICTION SCIENCE TELEVISION PROGRAMS,Will Mason-Wilkes,Zygon®,"Volume 55, Issue 1",First published: 19 February 2020,https://onlinelibrary.wiley.com/doi/10.1111/zygo.12574
27,Science,Ralph O'Connor,N/A,N/A,First published: 05 February 2021,https://onlinelibrary.wiley.com/doi/10.1002/9781119092797.ch28
28,Science,Roger A. Willer,N/A,N/A,First published: 20 June 2022,https://onlinelibrary.wiley.com/doi/10.1002/9781118499528.ch133
29,The science of intentions and the intentions of science,Polly Young-Eisendrath,Psychotherapy and Politics International,"Volume 1, Issue 2",First published: 13 February 2006,https://onlinelibrary.wiley.com/doi/10.1002/ppi.58
30,Science,Teresa A. Sullivan,N/A,N/A,First published: 31 October 2021,https://onlinelibrary.wiley.com/doi/10.1002/9781405165518.wbeoss036.pub2
31,Science and the Military,F. A. Long,N/A,N/A,First published: 01 January 1972,https://onlinelibrary.wiley.com/doi/10.1002/9780470719848.ch9
32,Women in Science,Jacob Clark Blickenstaff,N/A,N/A,First published: 21 April 2016,https://onlinelibrary.wiley.com/doi/10.1002/9781118663219.wbegss551
33,Science academies issue statement about science and sustainable development,Randy Showstack,"Eos, Transactions American Geophysical Union","Volume 94, Issue 24",First published: 11 June 2013,https://onlinelibrary.wiley.com/doi/10.1002/2013EO240005
34,Understanding Science: The Armchair versus Practice,,N/A,N/A,First published: 01 January 2006,https://onlinelibrary.wiley.com/doi/10.1002/9780470773994.ch1
35,"Art, science and social science in nursing: occupational origins and disciplinary identity",Anne Marie Rafferty,Nursing Inquiry,"Volume 2, Issue 3",First published: September 1995,https://onlinelibrary.wiley.com/doi/10.1111/j.1440-1800.1995.tb00164.x
36,From “Religion and Science” to “Kalam and Science”,Basit Bilal Koshul,Dialog,"Volume 46, Issue 3",First published: 30 September 2007,https://onlinelibrary.wiley.com/doi/10.1111/j.1540-6385.2007.00333.x
37,VALUES IN SCIENCE,Ernan McMullin,Zygon®,"Volume 47, Issue 4",First published: 20 November 2012,https://onlinelibrary.wiley.com/doi/10.1111/j.1467-9744.2012.01298.x
38,"Science, Greek",Paul T. Keyser,N/A,N/A,First published: 20 December 2019,https://onlinelibrary.wiley.com/doi/10.1002/9781444338386.wbeah21287.pub2
39,"“SCIENCE,” “RELIGION,” AND “SCIENCE-AND-RELIGION” IN THE LATE OTTOMAN EMPIRE",M. Alper Yalçinkaya,Zygon®,"Volume 54, Issue 4",First published: 13 November 2019,https://onlinelibrary.wiley.com/doi/10.1111/zygo.12563
40,"Science, Roman",Daryn Lehoux,N/A,N/A,First published: 30 January 2023,https://onlinelibrary.wiley.com/doi/10.1002/9781444338386.wbeah21290.pub2
41,Science Journalism,Holger Wormer,N/A,N/A,First published: 23 November 2009,https://onlinelibrary.wiley.com/doi/10.1002/9781405186407.wbiecs016
42,"Geography's other histories? Geography and science in the British Association for the Advancement of Science, 1831–c.1933","Charles W J Withers, Diarmid Finnegan, Rebekah Higgitt",Transactions of the Institute of British Geographers,"Volume 31, Issue 4",First published: 10 November 2006,https://onlinelibrary.wiley.com/doi/10.1111/j.1475-5661.2006.00231.x
43,Beschichtungen für Life Science,"Volker Bucher Dr., Wilfried Nisch Dr.",Vakuum in Forschung und Praxis,"Volume 22, Issue 1",First published: 09 February 2010,https://onlinelibrary.wiley.com/doi/10.1002/vipr.201000405
44,"SCIENCE AND RELIGION AS LANGUAGES: UNDERSTANDING THE SCIENCE–RELIGION RELATIONSHIP USING METAPHORS, ANALOGIES, AND MODELS",Amy H. Lee,Zygon®,"Volume 54, Issue 4",First published: 13 November 2019,https://onlinelibrary.wiley.com/doi/10.1111/zygo.12569
45,"A comparison of elementary teachers' verbal supports for students in inclusive and general classroom contexts during an NGSS-aligned science, engineering, and computer science unit","Sarah Lilly, Anne M. McAlister, Sarah J. Fick, Jennifer L. Chiu",Science Education,"Volume 107, Issue 4",First published: 17 February 2023,https://onlinelibrary.wiley.com/doi/10.1002/sce.21788
46,Science and the Pulpit: Clerical Perspectives on Science and Religion in the United States,"Shiri Noy, Timothy L. O'Brien",Journal for the Scientific Study of Religion,"Volume 63, Issue 3",First published: 21 April 2024,https://onlinelibrary.wiley.com/doi/10.1111/jssr.12917
47,Realist Philosophies of Science,Guy Gibbon,N/A,N/A,First published: 05 December 2018,https://onlinelibrary.wiley.com/doi/10.1002/9781119188230.saseas0498
48,Science Fiction,Michael R. Page,N/A,N/A,First published: 12 April 2012,https://onlinelibrary.wiley.com/doi/10.1002/9781118300916.wberls004
49,Incorporating an engineering context into science learning: The effects of task context and response structuring on science understanding and investigation behaviors in a simulation,"Yang Jiang, Debra Brockway, Jung Aa Moon",Journal of Research in Science Teaching,"Volume 60, Issue 6",First published: 14 November 2022,https://onlinelibrary.wiley.com/doi/10.1002/tea.21832
50,Science,Alan Rauch,N/A,N/A,First published: 14 August 2015,https://onlinelibrary.wiley.com/doi/10.1002/9781118405376.wbevl319
51,“RATIONALITY” IN SCIENCE AND MORALS,Mary Hesse,Zygon®,"Volume 23, Issue 3",First published: September 1988,https://onlinelibrary.wiley.com/doi/10.1111/j.1467-9744.1988.tb00636.x
52,Feminist Studies of Science,Letitia Meynell,N/A,N/A,First published: 21 April 2016,https://onlinelibrary.wiley.com/doi/10.1002/9781118663219.wbegss031
53,Science,Irma Taavitsainen,N/A,N/A,First published: 01 January 2002,https://onlinelibrary.wiley.com/doi/10.1002/9780470693469.ch23
54,Science,,N/A,N/A,First published: 08 June 2009,https://onlinelibrary.wiley.com/doi/10.1002/9781118266724.ch5
55,The Materials Science Interface at an Interdisciplinary Journal,"I. Osborne, P. Szuromi, J. Uppenbrink",Advanced Materials,"Volume 12, Issue 14",First published: 13 July 2000,https://onlinelibrary.wiley.com/doi/10.1002/1521-4095%28200007%2912%3A14%3C1015%3A%3AAID-ADMA1015%3E3.0.CO%3B2-7
56,Adapting the Ideas of Translational Science for Translational Family Science,"Joseph G. Grzywacz, Jeffrey W. Allen",Family Relations,"Volume 66, Issue 4",First published: 15 December 2017,https://onlinelibrary.wiley.com/doi/10.1111/fare.12284
57,"Science, Mesopotamian",Mathieu Ossendrijver,N/A,N/A,First published: 26 October 2012,https://onlinelibrary.wiley.com/doi/10.1002/9781444338386.wbeah21289
58,Exploring the impact of an intervention on pre-service science teachers' attitudes and beliefs about gender and sexual diversity-inclusive science teaching,"Gary William Wright, Cesar Delgado, K. Rende Mendoza",Journal of Research in Science Teaching,"Volume 61, Issue 8",First published: 16 April 2024,https://onlinelibrary.wiley.com/doi/10.1002/tea.21942
59,Realising the Potential of European Agricultural Science Impacts,Peter Midmore,EuroChoices,"Volume 17, Issue 1",First published: 11 April 2018,https://onlinelibrary.wiley.com/doi/10.1111/1746-692X.12179
60,The effect of online collaboration on middle school student science misconceptions as an aspect of science literacy,"Jillian L. Wendt, Amanda Rockinson-Szapkiw",Journal of Research in Science Teaching,"Volume 51, Issue 9",First published: 11 August 2014,https://onlinelibrary.wiley.com/doi/10.1002/tea.21169
61,A Guide to International Hydrologic Science Programs,"R G Lawford, S Eden",N/A,N/A,First published: 15 April 2006,https://onlinelibrary.wiley.com/doi/10.1002/0470848944.hsa214
62,"Reforming Theology, Reframing Science","Ann Milliken Pederson, Philip Hefner",Dialog,"Volume 46, Issue 3",First published: 30 September 2007,https://onlinelibrary.wiley.com/doi/10.1111/j.1540-6385.2007.00331.x
63,Feminist Science Studies,"Samantha M. Archer, A.E. Kohler",N/A,N/A,First published: 27 November 2020,https://onlinelibrary.wiley.com/doi/10.1002/9781119314967.ch14
64,Science and Revolution,Clifford D. Conner,N/A,N/A,First published: 20 April 2009,https://onlinelibrary.wiley.com/doi/10.1002/9781405198073.wbierp1319
65,Expectancy-value and children's science achievement: Parents matter,"Julie A. Thomas, Kamden K. Strunk",Journal of Research in Science Teaching,"Volume 54, Issue 6",First published: 03 February 2017,https://onlinelibrary.wiley.com/doi/10.1002/tea.21382
66,Paradoxes of science as a system: (Fragments from the philosophy of science),Thomas A. Cowan,Systems Research,"Volume 7, Issue 2",First published: June 1990,https://onlinelibrary.wiley.com/doi/10.1002/sres.3850070201
67,(When) should psychology be a science?,Dario Krpan,Journal for the Theory of Social Behaviour,"Volume 52, Issue 1",First published: 21 July 2021,https://onlinelibrary.wiley.com/doi/10.1111/jtsb.12316
68,Standing on the shoulders of science,"Joshua L. Krieger, Monika Schnitzer, Martin Watzinger",Strategic Management Journal,"Volume 45, Issue 9",First published: 25 March 2024,https://onlinelibrary.wiley.com/doi/10.1002/smj.3598
69,Performing? Science?,,Nachrichten aus der Chemie,"Volume 59, Issue 12",First published: 03 January 2012,https://onlinelibrary.wiley.com/doi/10.1002/nadc.201290010
70,Science Across Cultures,Carlos Hiroo Saito,N/A,N/A,First published: 22 April 2020,https://onlinelibrary.wiley.com/doi/10.1002/9781405165518.wbeoss039.pub2
71,Science and Technology,Katy Price,N/A,N/A,First published: 28 March 2014,https://onlinelibrary.wiley.com/doi/10.1002/9781118604427.ch6
72,"Medical students' attitudes towards science and gross anatomy, and the relationship to personality","Odile Plaisant, Shiby Stephens, Nihal Apaydin, Robert Courtois, Baptiste Lignier, Marios Loukas, Bernard Moxham",Journal of Anatomy,"Volume 224, Issue 3",First published: 18 April 2013,https://onlinelibrary.wiley.com/doi/10.1111/joa.12043
73,Introducing undergraduate students to science,"Paulo De Ávila, Bayardo B. Torres",Biochemistry and Molecular Biology Education,"Volume 38, Issue 2",First published: 12 March 2010,https://onlinelibrary.wiley.com/doi/10.1002/bmb.20335
74,"Science writers, male",Daniel Bivona,N/A,N/A,First published: 14 August 2015,https://onlinelibrary.wiley.com/doi/10.1002/9781118405376.wbevl290
75,Analysis of Religious Bias among Christian Students in Science,"Paula A. G. Soneral, Sara E. Brownell, M. Elizabeth Barnes",Journal for the Scientific Study of Religion,"Volume 62, Issue 1",First published: 02 February 2023,https://onlinelibrary.wiley.com/doi/10.1111/jssr.12825
76,Science,,N/A,N/A,First published: 20 December 2013,https://onlinelibrary.wiley.com/doi/10.1002/9781118650158.ch11
77,"Science, Byzantine",Maria Mavroudi,N/A,N/A,First published: 26 October 2012,https://onlinelibrary.wiley.com/doi/10.1002/9781444338386.wbeah03209
78,"Engineering Design-Based Science, Science Content Performance, and Science Attitudes in Elementary School","Kristen Bethke Wendell, Chris Rogers",Journal of Engineering Education,"Volume 102, Issue 4",First published: 27 November 2013,https://onlinelibrary.wiley.com/doi/10.1002/jee.20026
79,Creating engineering design integrated science units and lessons,"Frackson Mumba, Jennie Chiu, Reid Bailey",School Science and Mathematics,Early View,First published: 27 February 2025,https://onlinelibrary.wiley.com/doi/10.1111/ssm.18346
80,Perspectives on Science,,N/A,N/A,First published: 24 April 2015,https://onlinelibrary.wiley.com/doi/10.1002/9781118840108.ch2
81,"Discourses, dynamics and disquiet: Multiple knowledges in science, society and development","Melissa Leach, Andy Sumner, Linda Waldman",Journal of International Development,"Volume 20, Issue 6",First published: 28 August 2008,https://onlinelibrary.wiley.com/doi/10.1002/jid.1492
82,Scientists Negotiate Boundaries Between Religion and Science,"Elaine Howard Ecklund, Jerry Z. Park, Katherine L. Sorrell",Journal for the Scientific Study of Religion,"Volume 50, Issue 3",First published: September 2011,https://onlinelibrary.wiley.com/doi/10.1111/j.1468-5906.2011.01586.x
83,Rhetoric and science,Alain G. Bernard,N/A,N/A,First published: 26 October 2012,https://onlinelibrary.wiley.com/doi/10.1002/9781444338386.wbeah21284
84,Science and Technology for Economic Growth. New Insights from when the Data Contradicts Desktop Models,Adrian S. Petrescu,Review of Policy Research,"Volume 26, Issue 6",First published: 30 November 2009,https://onlinelibrary.wiley.com/doi/10.1111/j.1541-1338.2009.00420.x
85,Science and Information Technoloav,Jon Agar,N/A,N/A,First published: 01 January 2003,https://onlinelibrary.wiley.com/doi/10.1002/9780470758328.ch18
86,Objectivity in Science,James A. Anderson,N/A,N/A,First published: 05 June 2008,https://onlinelibrary.wiley.com/doi/10.1002/9781405186407.wbieco002
87,CREATIVITY IN SCIENCE,Ursula W. Goodenough,Zygon®,"Volume 28, Issue 3",First published: September 1993,https://onlinelibrary.wiley.com/doi/10.1111/j.1467-9744.1993.tb01043.x
88,"The Obvious in a Nutshell: Science, Medicine, Knowledge, and History","Fabio De Sio, Heiner Fangerau",Berichte zur Wissenschaftsgeschichte,"Volume 42, Issue 2-3",First published: 07 August 2019,https://onlinelibrary.wiley.com/doi/10.1002/bewi.201900001
89,Set-shifting ability is specifically linked to high-school science and math achievement in Chinese adolescents,"Jingguang Li, Yajun Zhao, Shan Zhou, Yuling Pu, Hongyu He, Ming Zhao",PsyCh Journal,"Volume 9, Issue 3",First published: 16 January 2020,https://onlinelibrary.wiley.com/doi/10.1002/pchj.328
90,Toward narrowing the gap between science communication and science education disciplines,"Zehavit Kohen, Yehudit J. Dori",Review of Education,"Volume 7, Issue 3",First published: 09 November 2018,https://onlinelibrary.wiley.com/doi/10.1002/rev3.3136
91,"Science, Pseudo-Science, and Conspiracy Theories",,N/A,N/A,First published: 30 August 2016,https://onlinelibrary.wiley.com/doi/10.1002/9781119161684.ch4
92,Managing value-laden judgements in regulatory science and risk assessment,Kevin C Elliott,EFSA Journal,"Volume 17, Issue S1",First published: 08 July 2019,https://onlinelibrary.wiley.com/doi/10.2903/j.efsa.2019.e170709
93,Challenging Merton's Protestantism-Science Hypothesis: The Historical Impact of Sacerdotal Celibacy on German Science and Scholarship,George Becker,Journal for the Scientific Study of Religion,"Volume 50, Issue 2",First published: 03 June 2011,https://onlinelibrary.wiley.com/doi/10.1111/j.1468-5906.2011.01572.x
94,Religion and Science,Douglas Bafford,N/A,N/A,First published: 05 September 2018,https://onlinelibrary.wiley.com/doi/10.1002/9781118924396.wbiea1812
95,ZIONISM AND THE EROS OF SCIENCE AND TECHNOLOGY,Noah Efron,Zygon®,"Volume 46, Issue 2",First published: 09 May 2011,https://onlinelibrary.wiley.com/doi/10.1111/j.1467-9744.2010.01192.x
96,Assessing Elementary Teachers' Content Knowledge for Teaching Science for the ETS® Educator Series: Pilot Results,"Jamie N. Mikeska, Christopher Kurzum, Jonathan H. Steinberg, Jun Xu",ETS Research Report Series,"Volume 2018, Issue 1",First published: 01 June 2018,https://onlinelibrary.wiley.com/doi/10.1002/ets2.12207
97,Authentic science with citizen science and student-driven science fair projects,"Michele Hollingsworth Koomen, Elizabeth Rodriguez, Alissa Hoffman, Cindy Petersen, Karen Oberhauser",Science Education,"Volume 102, Issue 3",First published: 15 February 2018,https://onlinelibrary.wiley.com/doi/10.1002/sce.21335
98,Poetry and Science,Clark Lawlor,N/A,N/A,First published: 01 January 2006,https://onlinelibrary.wiley.com/doi/10.1002/9780470996638.ch4
99,Science and Poetry,Mark Lussier,N/A,N/A,First published: 12 April 2012,https://onlinelibrary.wiley.com/doi/10.1002/9781118300916.wberls005
100,The Science of Philosophy,Colin McGinn,Metaphilosophy,"Volume 46, Issue 1",First published: 09 January 2015,https://onlinelibrary.wiley.com/doi/10.1111/meta.12116
101,Executive functions predict conceptual learning of science,"Sinéad M. Rhodes, Josephine N. Booth, Lorna Elise Palmer, Richard A. Blythe, Mirela Delibegovic, Nial J. Wheate",British Journal of Developmental Psychology,"Volume 34, Issue 2",First published: 11 January 2016,https://onlinelibrary.wiley.com/doi/10.1111/bjdp.12129
102,Some Practical Suggestions for Teaching Science in the Liberal Arts,Robert Pollack,Annals of the New York Academy of Sciences,"Volume 935, Issue 1",First published: 25 January 2006,https://onlinelibrary.wiley.com/doi/10.1111/j.1749-6632.2001.tb03488.x
103,"Slow science, the geographical expedition, and Critical Physical Geography",Stuart N. Lane,The Canadian Geographer / Le Géographe canadien,"Volume 61, Issue 1",First published: 02 December 2016,https://onlinelibrary.wiley.com/doi/10.1111/cag.12329
104,Cultures of Science,David N. Livingstone,N/A,N/A,First published: 01 January 2004,https://onlinelibrary.wiley.com/doi/10.1002/9780470996515.ch10
105,Media Use in the Science Classroom,Garry Hoban,N/A,N/A,First published: 09 May 2019,https://onlinelibrary.wiley.com/doi/10.1002/9781118978238.ieml0134
106,The effects of collaborative teamwork on secondary science,C.H. Chiu,Journal of Computer Assisted Learning,"Volume 18, Issue 3",First published: 11 December 2002,https://onlinelibrary.wiley.com/doi/10.1046/j.0266-4909.2002.00238.x
107,A conceptual framework for understanding the perspectives on the causes of the science–practice gap in ecology and conservation,"Diana Bertuol-Garcia, Carla Morsello, Charbel N. El-Hani, Renata Pardini",Biological Reviews,"Volume 93, Issue 2",First published: 20 November 2017,https://onlinelibrary.wiley.com/doi/10.1111/brv.12385
108,Digital Humanities and Information Science: Making A Difference?,"Wayne de Fremery, Javed Mostafa, Diane M. Rasmussen Pennington, Ana Lúcia Terra, Javier Cha, Sam Oh",Proceedings of the Association for Information Science and Technology,"Volume 60, Issue 1",First published: 22 October 2023,https://onlinelibrary.wiley.com/doi/10.1002/pra2.856
109,The science pendulum: From programmatic to incremental—and back?,Margaret M. Bradley,Psychophysiology,"Volume 54, Issue 1",First published: 20 December 2016,https://onlinelibrary.wiley.com/doi/10.1111/psyp.12608
110,Software tools in science classrooms,R. Beare,Journal of Computer Assisted Learning,"Volume 8, Issue 4",First published: December 1992,https://onlinelibrary.wiley.com/doi/10.1111/j.1365-2729.1992.tb00407.x
111,A framework for science classroom assessment task design for emergent bilingual learners,"Caitlin G. McC. Fine, Erin M. Furtak",Science Education,"Volume 104, Issue 3",First published: 29 January 2020,https://onlinelibrary.wiley.com/doi/10.1002/sce.21565
112,Epistemological and Moral Conflict Between Religion and Science,John H. Evans,Journal for the Scientific Study of Religion,"Volume 50, Issue 4",First published: December 2011,https://onlinelibrary.wiley.com/doi/10.1111/j.1468-5906.2011.01603.x
113,Introduction to Cognition in Science and Technology,Michael E. Gorman,Topics in Cognitive Science,"Volume 1, Issue 4",First published: 12 October 2009,https://onlinelibrary.wiley.com/doi/10.1111/j.1756-8765.2009.01034.x
114,Does the science criterion rest on thin ice?,Peder Roberts,The Geographical Journal,"Volume 189, Issue 1",First published: 18 November 2020,https://onlinelibrary.wiley.com/doi/10.1111/geoj.12367
115,Ethics and science,C. West Churchman,Systems Research,"Volume 12, Issue 4",First published: 1995,https://onlinelibrary.wiley.com/doi/10.1002/sres.3850120406
116,Science and Religion,Andrew Paul Davison,N/A,N/A,First published: 16 November 2021,https://onlinelibrary.wiley.com/doi/10.1002/9781119009924.eopr0360
117,Threatening Morality: Religious and Political Opposition to Science in the United States,"Timothy L. O'Brien, Shiri Noy",Journal for the Scientific Study of Religion,"Volume 60, Issue 3",First published: 27 May 2021,https://onlinelibrary.wiley.com/doi/10.1111/jssr.12731
118,Science and the Measurement of Risk,Rob Beamish,N/A,N/A,First published: 19 February 2025,https://onlinelibrary.wiley.com/doi/10.1002/9781405165518.wbeoss041.pub3
119,Changes in primary boys' and girls' attitudes to school and science during a two-year science in-service programme,"Tina Jarvis, Anthony Pell",The Curriculum Journal,"Volume 13, Issue 1",First published: 21 October 2010,https://onlinelibrary.wiley.com/doi/10.1080/09585170110115268
120,Science's Signal Transduction Knowledge Environment,NANCY R. GOUGH,Annals of the New York Academy of Sciences,"Volume 971, Issue 1",First published: 24 January 2006,https://onlinelibrary.wiley.com/doi/10.1111/j.1749-6632.2002.tb04532.x
121,RECONNECTING SCIENCE AND SPIRITUALITY: TOWARD OVERCOMING A TABOO,"Harald Walach, K. Helmut Reich",Zygon®,"Volume 40, Issue 2",First published: 23 May 2005,https://onlinelibrary.wiley.com/doi/10.1111/j.1467-9744.2005.00673.x
122,Science and the Gothic,Martin Willis,N/A,N/A,First published: 24 December 2012,https://onlinelibrary.wiley.com/doi/10.1002/9781118398500.wbeotgs004
123,Intellectual History and the History of Science,John F. M. Clark,N/A,N/A,First published: 30 October 2015,https://onlinelibrary.wiley.com/doi/10.1002/9781118508091.ch12
124,Mill's Philosophy of Science,Aaron D. Cobb,N/A,N/A,First published: 12 December 2016,https://onlinelibrary.wiley.com/doi/10.1002/9781118736739.ch16
125,Metaphysics Within Science: Against Radical Naturalism,"Fredrik Andersen, Jonas R. Becker Arenhart",Metaphilosophy,"Volume 47, Issue 2",First published: 08 April 2016,https://onlinelibrary.wiley.com/doi/10.1111/meta.12175
126,A hypothetico-deductive theory of science and learning,"Steven T. Kalinowski, Avital Pelakh",Journal of Research in Science Teaching,"Volume 61, Issue 6",First published: 22 August 2023,https://onlinelibrary.wiley.com/doi/10.1002/tea.21892
127,"Biopolitics, Pseudoscience and Science Denialism in the United States",Kiarash Aramesh,N/A,N/A,First published: 20 April 2021,https://onlinelibrary.wiley.com/doi/10.1002/9780470015902.a0029125
128,The Public Evaluation of Science and Technology,Barry Barnes,N/A,N/A,First published: 31 March 2002,https://onlinelibrary.wiley.com/doi/10.1002/0470846593.ch2
129,SCIENCE AND TECHNOLOGY,Alan I Marcus,N/A,N/A,First published: 14 January 2017,https://onlinelibrary.wiley.com/doi/10.1002/9781118913994.ch19
130,"Science writers, female",Bernard Lightman,N/A,N/A,First published: 14 August 2015,https://onlinelibrary.wiley.com/doi/10.1002/9781118405376.wbevl289
131,Self-efficacy as a predictor of academic performance in science,Sharon Andrew BAppSc MSc(Hons) RN,Journal of Advanced Nursing,"Volume 27, Issue 3",First published: 25 December 2001,https://onlinelibrary.wiley.com/doi/10.1046/j.1365-2648.1998.00550.x
132,"Exploring the Associations Among Nutrition, Science, and Mathematics Knowledge for an Integrative, Food-Based Curriculum","Virginia C. Stage PhD, RDN, LDN, Kathryn M. Kolasa PhD, RDN, LDN, Sebastián R. Díaz PhD, JD, Melani W. Duffrin PhD, RDN, LDN",Journal of School Health,"Volume 88, Issue 1",First published: 10 December 2017,https://onlinelibrary.wiley.com/doi/10.1111/josh.12576
133,Speaking Truth to Power: Science and Policy,Göran Sundqvist,N/A,N/A,First published: 19 November 2019,https://onlinelibrary.wiley.com/doi/10.1002/9781405165518.wbeoss217.pub2
134,"Science, Reason, and Scepticism",Stephen Law,N/A,N/A,First published: 21 April 2015,https://onlinelibrary.wiley.com/doi/10.1002/9781118793305.ch3
135,PANENTHEISM AND NATURAL SCIENCE: A GOOD MATCH?,Willem B. Drees,Zygon®,"Volume 52, Issue 4",First published: 26 November 2017,https://onlinelibrary.wiley.com/doi/10.1111/zygo.12377
136,On the Cusp of Restoration: Science and Society,R.E. Turner,Restoration Ecology,"Volume 13, Issue 1",First published: 07 March 2005,https://onlinelibrary.wiley.com/doi/10.1111/j.1526-100X.2005.00021.x
137,Science and Technology in Development,"Hebe Vessuri, Ronald Cancino",N/A,N/A,First published: 05 September 2018,https://onlinelibrary.wiley.com/doi/10.1002/9781118924396.wbiea2180
138,The role of equitable classroom cultures for supporting interest in science,"Corinne Singleton, Clarissa Deverel-Rico, William R. Penuel, Andrew E. Krumm, Anna-Ruth Allen, Carol Pazera",Journal of Research in Science Teaching,"Volume 61, Issue 5",First published: 25 March 2024,https://onlinelibrary.wiley.com/doi/10.1002/tea.21936
139,"Science, Race, and Racism","Rosana Castro, Luísa Reis-Castro",N/A,N/A,First published: 16 December 2022,https://onlinelibrary.wiley.com/doi/10.1002/9781118924396.wbiea2518
140,Making science special for pupils with learning difficulties,"Susan Gebbels, Stewart M. Evans, Lynne A. Murphy",British Journal of Special Education,"Volume 37, Issue 3",First published: 01 September 2010,https://onlinelibrary.wiley.com/doi/10.1111/j.1467-8578.2010.00463.x
141,Science and Race,Mika'il A. Petin,N/A,N/A,First published: 30 December 2015,https://onlinelibrary.wiley.com/doi/10.1002/9781118663202.wberen700
142,The contribution of science-rich resources to public science interest,"John H. Falk, Scott Pattison, David Meier, David Bibas, Kathleen Livingston",Journal of Research in Science Teaching,"Volume 55, Issue 3",First published: 17 November 2017,https://onlinelibrary.wiley.com/doi/10.1002/tea.21425
143,Experimente im Science Journal dokumentieren,"Albert Teichrew, Thomas Wilhelm, Jochen Kuhn",Physik in unserer Zeit,"Volume 52, Issue 1",First published: 04 January 2021,https://onlinelibrary.wiley.com/doi/10.1002/piuz.202170112
144,Religion and Science,,N/A,N/A,First published: 16 August 2013,https://onlinelibrary.wiley.com/doi/10.1002/9781118607725.ch7
145,Science and Medical Therapy,,N/A,N/A,First published: 27 October 2003,https://onlinelibrary.wiley.com/doi/10.1002/9780470344897.ch3
146,"Theory of Science: Fichte, Schelling",Gabriel Gottlieb,N/A,N/A,First published: 02 April 2019,https://onlinelibrary.wiley.com/doi/10.1002/9781119210054.ch2
147,Spatial cognition and science achievement: The contribution of intrinsic and extrinsic spatial skills from 7 to 11 years,"Alex Hodgkiss, Katie A. Gilligan, Andrew K. Tolmie, Michael S. C. Thomas, Emily K. Farran",British Journal of Educational Psychology,"Volume 88, Issue 4",First published: 22 January 2018,https://onlinelibrary.wiley.com/doi/10.1111/bjep.12211
148,"Science, Mathematics and Architecture",Matthew Walker,N/A,N/A,First published: 28 March 2017,https://onlinelibrary.wiley.com/doi/10.1002/9781118887226.wbcha064
149,"Philosophy, Logic, Science, History",Tim Crane,Metaphilosophy,"Volume 43, Issue 1-2",First published: 05 January 2012,https://onlinelibrary.wiley.com/doi/10.1111/j.1467-9973.2011.01732.x
150,Science and Sensibility,,N/A,N/A,First published: 25 October 2013,https://onlinelibrary.wiley.com/doi/10.1002/9781118610459.ch16
151,Enhancing student access to science curricula through a reading intervention,"Sonja Saqui, Sterett H. Mercer, Michèle P. Cheng",Psychology in the Schools,"Volume 56, Issue 4",First published: 11 February 2019,https://onlinelibrary.wiley.com/doi/10.1002/pits.22240
152,SCIENCE AND RELIGION: AN ORIGINS STORY,Samuel J. Loncar,Zygon®,"Volume 56, Issue 1",First published: 12 February 2021,https://onlinelibrary.wiley.com/doi/10.1111/zygo.12675
153,Is Statistics a Science?,M. J. R. Healy,Journal of the Royal Statistical Society: Series A (General),"Volume 141, Issue 3",First published: 1978,https://onlinelibrary.wiley.com/doi/10.2307/2344809
154,"Children lose confidence in their potential to “be scientists,” but not in their capacity to “do science”","Ryan F. Lei, Emily R. Green, Sarah-Jane Leslie, Marjorie Rhodes",Developmental Science,"Volume 22, Issue 6",First published: 21 April 2019,https://onlinelibrary.wiley.com/doi/10.1111/desc.12837
155,"Psychoanalysis, science and the seductive theory of Karl Popper","Don C. Grant, Edwin Harari",Australian and New Zealand Journal of Psychiatry,"Volume 39, Issue 6",First published: 07 June 2005,https://onlinelibrary.wiley.com/doi/10.1111/j.1440-1614.2005.01602.x
156,OAKESHOTT ON SCIENCE AS A MODE OF EXPERIENCE,Byron Kaldis,Zygon®,"Volume 44, Issue 1",First published: 19 February 2009,https://onlinelibrary.wiley.com/doi/10.1111/j.1467-9744.2009.00993.x
157,"Ethics, Science, and Pseudoscience",,N/A,N/A,First published: 29 June 2021,https://onlinelibrary.wiley.com/doi/10.1002/9781394259038.ch10
158,In My Opinion: Hypotheses in wildlife science,"Fred S. Guthery, Jeffrey J. Lusk, Markus J. Peterson",Wildlife Society Bulletin,"Volume 32, Issue 4",First published: 13 December 2010,https://onlinelibrary.wiley.com/doi/10.2193/0091-7648%282004%29032%5B1325%3AIMOHIW%5D2.0.CO%3B2
159,Science and Religion: Getting Ready for the Future,Antje Jackelén,Zygon®,"Volume 38, Issue 2",First published: 28 June 2008,https://onlinelibrary.wiley.com/doi/10.1111/1467-9744.00496
160,Science: A Different Way of Thinking?,,N/A,N/A,First published: 16 September 2013,https://onlinelibrary.wiley.com/doi/10.1002/9781118482766.ch6
161,Science: A Different Way of Thinking?,,N/A,N/A,First published: 16 September 2013,https://onlinelibrary.wiley.com/doi/10.1002/9781118482766.ch6
162,Should Sociologists Stand Up for Science? Absolutely!,Janet M. Ruane,Sociological Forum,"Volume 33, Issue 1",First published: 04 December 2017,https://onlinelibrary.wiley.com/doi/10.1111/socf.12394
163,"Removing systemic barriers to equity, diversity, and inclusion: Report of the 2019 Plant Science Research Network workshop “Inclusivity in the Plant Sciences”","Natalie A. Henkhaus, Wolfgang Busch, Angela Chen, Adán Colón-Carmona, Maya Cothran, Nicolas Diaz, Jose Pablo Dundore-Arias, Michael Gonzales, Denita Hadziabdic, Rebecca A. Hayes, Gustavo C. MacIntosh, Ali Na, Blessing Nyamasoka-Magonziwa, Dianne Pater, F. Christopher Peritore-Galve, Tara Phelps-Durr, Kerry Rouhier, Delanie B. Sickler, John H. Starnes, Quentin R. Tyler, Evelyn Valdez-Ward, Miguel E. Vega-Sánchez, Ron R. Walcott, Joy K. Ward, Sarah E. Wyatt, Felipe Zapata, Ash T. Zemenick, David B. Stern",Plant Direct,"Volume 6, Issue 8",First published: 24 August 2022,https://onlinelibrary.wiley.com/doi/10.1002/pld3.432
164,The Philosophical Use and Misuse of Science,"Justine Kingsbury, Tim Dare",Metaphilosophy,"Volume 48, Issue 4",First published: 21 July 2017,https://onlinelibrary.wiley.com/doi/10.1111/meta.12256
165,Critical Reflections on the March for Science,Robert J. Brulle,Sociological Forum,"Volume 33, Issue 1",First published: 04 December 2017,https://onlinelibrary.wiley.com/doi/10.1111/socf.12398
166,Science and Technology,Jessica Wolfe,N/A,N/A,First published: 10 January 2018,https://onlinelibrary.wiley.com/doi/10.1002/9781118585184.ch42
167,Can fundamental care be advanced using the science of care framework?,"Lianne Jeffs, Jane Merkley, Kara Ronald, Gary Newton, Lily Yang, Carolyn Steele Gray",Journal of Advanced Nursing,"Volume 79, Issue 3",First published: 11 August 2022,https://onlinelibrary.wiley.com/doi/10.1111/jan.15404
168,"Science, Religion, South Park, and God",David Kyle Johnson,N/A,N/A,First published: 02 August 2013,https://onlinelibrary.wiley.com/doi/10.1002/9781118607442.ch5
169,Die Angewandte Chemie im Lichte des „Science Citation Index“,Werner Marx Dr.,Angewandte Chemie,"Volume 113, Issue 1",First published: 04 January 2001,https://onlinelibrary.wiley.com/doi/10.1002/1521-3757%2820010105%29113%3A1%3C143%3A%3AAID-ANGE143%3E3.0.CO%3B2-6
170,"FENGSHUI: SCIENCE, RELIGION, SUPERSTITION, OR TRADE?",Yuanlin Guo,Zygon®,"Volume 58, Issue 3",First published: 03 April 2023,https://onlinelibrary.wiley.com/doi/10.1111/zygo.12887
171,"Chess as Art, Science, and Sport","Antony Puddephatt, Gary Alan Fine",N/A,N/A,First published: 16 August 2013,https://onlinelibrary.wiley.com/doi/10.1002/9781118325261.ch23
172,Communicating science: From the laboratory bench to the breakfast table,"Mary J.C. Hendrix, Paulette W. Campbell",The Anatomical Record,"Volume 265, Issue 4",First published: 26 December 2002,https://onlinelibrary.wiley.com/doi/10.1002/ar.1150
173,A (Pragmatic) Defense of (Some) Science,Owen Whooley,Sociological Forum,"Volume 33, Issue 1",First published: 04 December 2017,https://onlinelibrary.wiley.com/doi/10.1111/socf.12397
174,THE FUTURE OF ISLAM AND SCIENCE: PHILOSOPHICAL GROUNDS,Majid Daneshgar,Zygon®,"Volume 55, Issue 4",First published: 03 October 2020,https://onlinelibrary.wiley.com/doi/10.1111/zygo.12647
175,Multilingual learners’ exposure to science and language inputs in elementary school: ¿Qué sabemos?,"Lelydeyvis Boza, F. Chris Curran, Katharine Harris-Walls, Tiffany S. Tan, Amber Deig, Mark B. Pacheco",Science Education,"Volume 108, Issue 6",First published: 18 June 2024,https://onlinelibrary.wiley.com/doi/10.1002/sce.21888
176,A review of research on science instruction for students with autism spectrum disorder,"Jonte' C. Taylor, Karen L. Rizzo, Jiwon Hwang, Doris Hill",School Science and Mathematics,"Volume 120, Issue 2",First published: 11 February 2020,https://onlinelibrary.wiley.com/doi/10.1111/ssm.12388
177,The Growing Social and Moral Conflict Between Conservative Protestantism and Science,John H. Evans,Journal for the Scientific Study of Religion,"Volume 52, Issue 2",First published: 04 June 2013,https://onlinelibrary.wiley.com/doi/10.1111/jssr.12022
178,How Science Is a Resource and a Challenge for Religion: Perspective of a Theologian,Philip Hefner,Zygon®,"Volume 37, Issue 1",First published: 21 January 2004,https://onlinelibrary.wiley.com/doi/10.1111/1467-9744.00411
179,Impacts of U.S. Government Shutdown on Earth Science Teaching and Education,Ramesh P. Singh,"Eos, Transactions American Geophysical Union","Volume 94, Issue 48",First published: 26 November 2013,https://onlinelibrary.wiley.com/doi/10.1002/2013EO480005
180,The fragile relationship of business and environmental science,George D. Carpenter,Environmental Toxicology and Chemistry,"Volume 12, Issue 8",First published: August 1993,https://onlinelibrary.wiley.com/doi/10.1002/etc.5620120803
181,"Science, politics, and rationality in a partisan era",James W. Kirchner,Water Resources Research,"Volume 53, Issue 5",First published: 20 April 2017,https://onlinelibrary.wiley.com/doi/10.1002/2017WR020882
182,Trust in Health Care and Science: Toward Common Ground on Key Concepts,"Lauren A. Taylor, Mildred Z. Solomon, Gregory E. Kaebnick",Hastings Center Report,"Volume 53, Issue S2",First published: 14 November 2023,https://onlinelibrary.wiley.com/doi/10.1002/hast.1517
183,"Science, Ethnicity, and Culture",Melody Russell,N/A,N/A,First published: 30 December 2015,https://onlinelibrary.wiley.com/doi/10.1002/9781118663202.wberen537
184,HUMAN UNIQUENESS: DEBATES IN SCIENCE AND THEOLOGY,Eric Priest,Zygon®,"Volume 58, Issue 2",First published: 04 May 2023,https://onlinelibrary.wiley.com/doi/10.1111/zygo.12901
185,Recontextualization in Multilingual Science Teacher Professional Learning,"Kerry Soo Von Esch, Cristina Betancourt, Jessica Thompson, Manka Varghese, Hsin-Jung Li, Patricia Venegas-Weber",Science Education,Early View,First published: 07 January 2025,https://onlinelibrary.wiley.com/doi/10.1002/sce.21940
186,Large language models for science and medicine,"Amalio Telenti, Michael Auli, Brian L. Hie, Cyrus Maher, Suchi Saria, John P. A. Ioannidis",European Journal of Clinical Investigation,"Volume 54, Issue 6",First published: 21 February 2024,https://onlinelibrary.wiley.com/doi/10.1111/eci.14183
187,"LEVELS OF ANALYSIS IN PHILOSOPHY, RELIGION, AND SCIENCE",Piotr Bylica,Zygon®,"Volume 50, Issue 2",First published: 10 May 2015,https://onlinelibrary.wiley.com/doi/10.1111/zygo.12179
188,Animals for Science and Biotechnology,,N/A,N/A,First published: 25 February 2005,https://onlinelibrary.wiley.com/doi/10.1002/9780470751107.ch8
189,"Epilepsy's Role in the Historical Differentiation of Religion, Magic, and Science","Allison J. Riggs, Jack E. Riggs",Epilepsia,"Volume 46, Issue 3",First published: 24 February 2005,https://onlinelibrary.wiley.com/doi/10.1111/j.0013-9580.2005.55405.x
190,A THEOLOGIAN'S TYPOLOGY FOR SCIENCE AND RELIGION,David J. Zehnder,Zygon®,"Volume 46, Issue 1",First published: 22 February 2011,https://onlinelibrary.wiley.com/doi/10.1111/j.1467-9744.2010.01159.x
191,Citizen Science,,Biologie in unserer Zeit,"Volume 47, Issue 1",First published: 20 February 2017,https://onlinelibrary.wiley.com/doi/10.1002/biuz.201770101
192,The power of networking in science and academia,Jessica G Borger,Immunology and Cell Biology,"Volume 102, Issue 10",First published: 04 November 2024,https://onlinelibrary.wiley.com/doi/10.1111/imcb.12832
193,NOTES ON THE ALLEGED CONFLICT BETWEEN RELIGION AND SCIENCE,Wolfhart Pannenberg,Zygon®,"Volume 40, Issue 3",First published: 09 September 2005,https://onlinelibrary.wiley.com/doi/10.1111/j.1467-9744.2005.00690.x
194,Crosscurrents: Social Movements and the Anthropology of Science and Technology,DAVID J. HESS,American Anthropologist,"Volume 109, Issue 3",First published: September 2007,https://onlinelibrary.wiley.com/doi/10.1525/aa.2007.109.3.463
195,"Science, Technology, and Medicine",Carla Nappi,N/A,N/A,First published: 16 December 2016,https://onlinelibrary.wiley.com/doi/10.1002/9781118624593.ch21
196,MINIMALIST ENGAGEMENT: ROWAN WILLIAMS ON CHRISTIANITY AND SCIENCE,Peter N. Jordan,Zygon®,"Volume 51, Issue 2",First published: 05 May 2016,https://onlinelibrary.wiley.com/doi/10.1111/zygo.12251
197,Geography and geographic information science: An evolving relationship,Michael F. Goodchild,The Canadian Geographer / Le Géographe canadien,"Volume 63, Issue 4",First published: 12 July 2019,https://onlinelibrary.wiley.com/doi/10.1111/cag.12554
198,Conflicting or Compatible: Beliefs About Religion and Science Among Emerging Adults in the United States,"Kyle C. Longest, Christian Smith",Sociological Forum,"Volume 26, Issue 4",First published: 11 November 2011,https://onlinelibrary.wiley.com/doi/10.1111/j.1573-7861.2011.01287.x
199,Getting to a good place with science instruction: Rethinking an appropriate conception of teaching science,Douglas B. Larkin,Science Education,"Volume 106, Issue 5",First published: 10 June 2022,https://onlinelibrary.wiley.com/doi/10.1002/sce.21742
200,Implications of 21st century science for nursing care: interpretations and issues,Michael T. Yeo PhD,Nursing Philosophy,"Volume 15, Issue 4",First published: 30 July 2014,https://onlinelibrary.wiley.com/doi/10.1111/nup.12066
201,Higher Education and the Exponential Rise of Science: Competition and Collaboration,Justin J.W. Powell,N/A,N/A,First published: 12 December 2018,https://onlinelibrary.wiley.com/doi/10.1002/9781118900772.etrds0464
202,Diagnosing students' alternative conceptions in science,"C.-C. Tsai, C. Chou",Journal of Computer Assisted Learning,"Volume 18, Issue 2",First published: 25 June 2002,https://onlinelibrary.wiley.com/doi/10.1046/j.0266-4909.2002.00223.x
203,Gender disparities in students’ motivational experiences in high school science classrooms,"Erika A. Patall, Rebecca R. Steingut, Jen L. Freeman, Keenan A. Pituch, Ariana C. Vasquez",Science Education,"Volume 102, Issue 5",First published: 22 June 2018,https://onlinelibrary.wiley.com/doi/10.1002/sce.21461
204,IT in science in the National Curriculum,L. Rogers,Journal of Computer Assisted Learning,"Volume 6, Issue 4",First published: December 1990,https://onlinelibrary.wiley.com/doi/10.1111/j.1365-2729.1990.tb00373.x
205,An overview of animal science research 1945–2011 through science mapping analysis,"A. Rodriguez-Ledesma, M.J. Cobo, C. Lopez-Pujalte, E. Herrera-Viedma",Journal of Animal Breeding and Genetics,"Volume 132, Issue 6",First published: 03 November 2014,https://onlinelibrary.wiley.com/doi/10.1111/jbg.12124
206,"Gendered Innovations in Science, Health, and Technology",Londa Schiebinger,N/A,N/A,First published: 21 April 2016,https://onlinelibrary.wiley.com/doi/10.1002/9781118663219.wbegss306
207,Engaged food science: Connecting K-8 learners to food science while engaging graduate students in science communication,"Alexandra J. Macbeth, Hannah S. Zurier, Erin Atkins, Sam R. Nugen, Julie M. Goddard",Journal of Food Science Education,"Volume 20, Issue 1",First published: 06 December 2020,https://onlinelibrary.wiley.com/doi/10.1111/1541-4329.12215
208,The Science Library: Curation and visualization of a science gateway repository,"Dave Braines, Jane Stockdill-Mander, Eunjin Lee",Concurrency and Computation: Practice and Experience,"Volume 33, Issue 19",First published: 30 December 2020,https://onlinelibrary.wiley.com/doi/10.1002/cpe.6100
209,"Math, Science, and Technology Education",Larry E. Suter,N/A,N/A,First published: 01 August 2016,https://onlinelibrary.wiley.com/doi/10.1002/9781405165518.wbeosm051.pub2
210,Cultural Correlates of Gender Integration in Science,"Cindy L. Cain, Erin Leahey","Gender, Work & Organization","Volume 21, Issue 6",First published: 23 April 2014,https://onlinelibrary.wiley.com/doi/10.1111/gwao.12052
211,Science identity trajectories of latecomers to science in college,"Phoebe A. Jackson, Gale Seiler",Journal of Research in Science Teaching,"Volume 50, Issue 7",First published: 24 April 2013,https://onlinelibrary.wiley.com/doi/10.1002/tea.21088
212,"Values, science and the quest for demarcation",Gerard de Zeeuw,Systems Research,"Volume 12, Issue 1",First published: 1995,https://onlinelibrary.wiley.com/doi/10.1002/sres.3850120105
213,What does the future hold for assessment science?,"Hubert Deluyker, Angeles Rodríguez Peña, Michael Scannell, José Tarazona, Bernhard Url",EFSA Journal,"Volume 14, Issue S1",First published: 30 June 2016,https://onlinelibrary.wiley.com/doi/10.2903/j.efsa.2016.s0501
214,ESSAY: Finding the ethical standard of medical science in the age of the sciences,Charles W. Needham,Journal of Evaluation in Clinical Practice,"Volume 5, Issue 1",First published: 25 December 2001,https://onlinelibrary.wiley.com/doi/10.1046/j.1365-2753.1999.00166.x
215,"Science and Sense, Places and Links",,N/A,N/A,First published: 24 September 2021,https://onlinelibrary.wiley.com/doi/10.1002/9781119866350.ch2
216,HISTORY AND THE FUTURE OF SCIENCE AND RELIGION,Hava Tirosh-Samuelson,Zygon®,"Volume 45, Issue 2",First published: 25 May 2010,https://onlinelibrary.wiley.com/doi/10.1111/j.1467-9744.2010.01094.x
217,An analysis of science instruction for the science practices: Examining coherence across system levels and components in current systems of science education in K-8 schools,"Kevin Cherbow, Megan T. McKinley, Katherine L. McNeill, Rebecca Lowenhaupt",Science Education,"Volume 104, Issue 3",First published: 17 February 2020,https://onlinelibrary.wiley.com/doi/10.1002/sce.21573
218,"Surface Shape, the Science and the Looks",Jan J. Koenderink,N/A,N/A,First published: 31 March 2013,https://onlinelibrary.wiley.com/doi/10.1002/9781118329016.ch6
219,"Science, Scientism, and Professional Responsibility",Donald R. Peterson,Clinical Psychology: Science and Practice,"Volume 11, Issue 2",First published: 11 May 2006,https://onlinelibrary.wiley.com/doi/10.1093/clipsy.bph072
220,Reflections on science and the governance of alcohol policy,"Peter Anderson, Antoni Gual",Addiction,"Volume 106, Issue s1",First published: 16 February 2011,https://onlinelibrary.wiley.com/doi/10.1111/j.1360-0443.2010.03350.x
221,SOME WAYS EMERGING ADULTS ARE SHAPING THE FUTURE OF RELIGION AND SCIENCE,Greg Cootsona,Zygon®,"Volume 51, Issue 3",First published: 10 August 2016,https://onlinelibrary.wiley.com/doi/10.1111/zygo.12270
222,The ‘borderlands’ of the science–policy interface,"Gary Kass, Alice M Milner, Klaus Dodds",The Geographical Journal,"Volume 188, Issue 4",First published: 01 August 2022,https://onlinelibrary.wiley.com/doi/10.1111/geoj.12469
223,SCIENCE AND GOD THE CREATOR,Arthur Peacocke,Zygon®,"Volume 28, Issue 4",First published: December 1993,https://onlinelibrary.wiley.com/doi/10.1111/j.1467-9744.1993.tb01051.x
224,Cultures of care? Animals and science in Britain,"Carrie Friese, Nathalie Nuyts, Juan Pablo Pardo-Guerra",The British Journal of Sociology,"Volume 70, Issue 5",First published: 04 November 2019,https://onlinelibrary.wiley.com/doi/10.1111/1468-4446.12706
225,Questions for a Millennium: Religion and Science from the Perspective of a Scientist,Solomon H. Katz,Zygon®,"Volume 37, Issue 1",First published: 21 January 2004,https://onlinelibrary.wiley.com/doi/10.1111/1467-9744.00410
226,"Science, Schooling and Experiential Learning in Pacoima",Carl A. Maida,Anthropology of Work Review,"Volume 26, Issue 2",First published: 28 June 2008,https://onlinelibrary.wiley.com/doi/10.1525/awr.2005.26.2.16
227,"Citizen science promotes knowledge, skills and collective action to monitor and protect freshwater streams","Julia von Gönner, Torsten Masson, Sabrina Köhler, Immo Fritsche, Aletta Bonn",People and Nature,"Volume 6, Issue 6",First published: 01 November 2024,https://onlinelibrary.wiley.com/doi/10.1002/pan3.10714
228,Emmanuel Levinas and the New Science of Judaism,Michael Sohn,Journal of Religious Ethics,"Volume 41, Issue 4",First published: 10 October 2013,https://onlinelibrary.wiley.com/doi/10.1111/jore.12035
229,Religion v. Science? No and Yes,John H. Evans,Hastings Center Report,"Volume 55, Issue 1",First published: 05 March 2025,https://onlinelibrary.wiley.com/doi/10.1002/hast.4953
230,An Emerging New Risk Analysis Science: Foundations and Implications,Terje Aven,Risk Analysis,"Volume 38, Issue 5",First published: 07 September 2017,https://onlinelibrary.wiley.com/doi/10.1111/risa.12899
231,"Gender, complexity, and science for all: Systemizing and its impact on motivation to learn science for different science subjects",Albert Zeyer,Journal of Research in Science Teaching,"Volume 55, Issue 2",First published: 22 July 2017,https://onlinelibrary.wiley.com/doi/10.1002/tea.21413
232,Is There Enough Science for Conservation Action?,"Ramanan U. Shaanker, Kotiganahalli N. Ganeshaiah",Biotropica,"Volume 42, Issue 5",First published: 26 August 2010,https://onlinelibrary.wiley.com/doi/10.1111/j.1744-7429.2010.00690.x
233,Science for what public? Addressing equity in American science museums and science centers,"Noah Weeth Feinstein, David Meshoulam",Journal of Research in Science Teaching,"Volume 51, Issue 3",First published: 13 December 2013,https://onlinelibrary.wiley.com/doi/10.1002/tea.21130
234,Cornell College: Program in Science and Religion,William E. Carroll,Zygon®,"Volume 33, Issue 2",First published: 21 January 2004,https://onlinelibrary.wiley.com/doi/10.1111/0591-2385.00146
235,Science and the Victorian Novel,,N/A,N/A,First published: 01 January 2002,https://onlinelibrary.wiley.com/doi/10.1002/9780470690109.ch7
236,Augmenting the Grammar of Science—The Community Science Exchange,"Kevin J. Noone, Jean J. Schensul, Paula R. Buchanan",Community Science,"Volume 1, Issue 2",First published: 17 June 2022,https://onlinelibrary.wiley.com/doi/10.1029/2022CSJ000012
237,The continuity of inquiry and normative philosophy of science,Somogy Varga,Metaphilosophy,"Volume 52, Issue 5",First published: 01 September 2021,https://onlinelibrary.wiley.com/doi/10.1111/meta.12513
238,The Dialogue Between Religion and Science: Which God?,K. Helmut Reich,Zygon®,"Volume 35, Issue 1",First published: 21 January 2004,https://onlinelibrary.wiley.com/doi/10.1111/0591-2385.00262
239,ISLAM AND SCIENCE: THE NEXT PHASE OF DEBATES,by Nidhal Guessoum,Zygon®,"Volume 50, Issue 4",First published: 13 November 2015,https://onlinelibrary.wiley.com/doi/10.1111/zygo.12213
240,RELIGIOUS LITERALISM AND SCIENCE-RELATED ISSUES IN CONTEMPORARY ISLAM,Nidhal Guessoum,Zygon®,"Volume 45, Issue 4",First published: 14 November 2010,https://onlinelibrary.wiley.com/doi/10.1111/j.1467-9744.2010.01135.x
241,"History of Organic–Inorganic Hybrid Materials: Prehistory, Art, Science, and Advanced Applications","Marco Faustini, Lionel Nicole, Eduardo Ruiz-Hitzky, Clément Sanchez",Advanced Functional Materials,"Volume 28, Issue 27",First published: 14 April 2018,https://onlinelibrary.wiley.com/doi/10.1002/adfm.201704158
242,How Invoking Science in the Production Process of Geographical Indication Products Impacts Consumer's Perceived Authenticity and Product Valuation,"Hui Li, Ruiqing Li, Zhilin Yang, Liyin Jin",Psychology & Marketing,Early View,First published: 10 March 2025,https://onlinelibrary.wiley.com/doi/10.1002/mar.22209
243,"SECULARITY, SYNCHRONICITY, AND UNCANNY SCIENCE: CONSIDERATIONS AND CHALLENGES",Hussein Ali Agrama,Zygon®,"Volume 56, Issue 2",First published: 16 December 2020,https://onlinelibrary.wiley.com/doi/10.1111/zygo.12671
244,"RETHINKING THE SECULAR: SCIENCE, TECHNOLOGY, AND RELIGION TODAY",Bronislaw Szerszynski,Zygon®,"Volume 40, Issue 4",First published: 25 November 2005,https://onlinelibrary.wiley.com/doi/10.1111/j.1467-9744.2005.00709.x
245,Representations of Nature of Science in Selected Histories of Science in the Integrated Science Textbooks in China,"Bing Wei, Yue Li, Bo Chen",School Science and Mathematics,"Volume 113, Issue 4",First published: 05 April 2013,https://onlinelibrary.wiley.com/doi/10.1111/ssm.12013
246,Science as a map in technological search,"Lee Fleming, Olav Sorenson",Strategic Management Journal,"Volume 25, Issue 8-9",First published: 20 July 2004,https://onlinelibrary.wiley.com/doi/10.1002/smj.384
247,A cultural-historical study of how educators create conditions for infant and toddler learning in science,"Marilyn Fleer, Sue March, Anne Suryani",Science Education,"Volume 108, Issue 6",First published: 01 June 2024,https://onlinelibrary.wiley.com/doi/10.1002/sce.21886
248,Are students in Italy really disinterested in science? A person-centered approach using the PISA 2015 data,"Jelena Radišić, Patrizia Selleri, Felice Carugati, Aleksandar Baucal",Science Education,"Volume 105, Issue 2",First published: 07 January 2021,https://onlinelibrary.wiley.com/doi/10.1002/sce.21611
249,A lemma science of mind: the potential of the Kegon (Flower Ornament) Sutra,Shin'ichi Nakazawa,Journal of Analytical Psychology,"Volume 62, Issue 1",First published: 16 January 2017,https://onlinelibrary.wiley.com/doi/10.1111/1468-5922.12283
250,"Weberian perspectives on science, technology and the economy","Ralph Schroeder, Richard Swedberg",The British Journal of Sociology,"Volume 53, Issue 3",First published: 15 December 2003,https://onlinelibrary.wiley.com/doi/10.1080/0007131022000000563
251,"Nursing, art and science: Revisiting the Two Cultures","Philip Darbyshire RNMH, RSCN, DipN(Lond.), RNT, MN, PhD",International Journal of Nursing Practice,"Volume 5, Issue 3",First published: 24 December 2001,https://onlinelibrary.wiley.com/doi/10.1046/j.1440-172x.1999.00127.x
252,Science news stories as boundary objects affecting engagement with science,"Joseph L. Polman, Jennifer M.G. Hope",Journal of Research in Science Teaching,"Volume 51, Issue 3",First published: 30 January 2014,https://onlinelibrary.wiley.com/doi/10.1002/tea.21144
253,Polarized Scientists? Exploring Political Differences about Religion and Science among U.S. Biologists and Physicists,"Sharan Kaur Mehta, Robert A. Thomson, Elaine Howard Ecklund",Sociological Forum,"Volume 36, Issue 1",First published: 27 October 2020,https://onlinelibrary.wiley.com/doi/10.1111/socf.12661
254,Data-logging: effects on practical science,"L. Rogers, P. Wild",Journal of Computer Assisted Learning,"Volume 12, Issue 3",First published: September 1996,https://onlinelibrary.wiley.com/doi/10.1111/j.1365-2729.1996.tb00046.x
255,The role of science identity in science center visits and effects,"Paichi P. Shein, John H. Falk, Yuh-Yuh Li",Science Education,"Volume 103, Issue 6",First published: 27 June 2019,https://onlinelibrary.wiley.com/doi/10.1002/sce.21535
256,Two Key Differences between Science and Philosophy,Andrew M. Cavallo,Metaphilosophy,"Volume 45, Issue 1",First published: 13 January 2014,https://onlinelibrary.wiley.com/doi/10.1111/meta.12067
257,“Doing Gender” and “Doing Religion” in Science: A Cross-National Examination,"Robert A. Thomson, Sharan Kaur Mehta, Elaine Howard Ecklund",Journal for the Scientific Study of Religion,"Volume 59, Issue 2",First published: 28 April 2020,https://onlinelibrary.wiley.com/doi/10.1111/jssr.12654
258,History and Philosophy of Science. Zwischen Deskription und Konstruktion,Friedrich Stadler,Berichte zur Wissenschaftsgeschichte,"Volume 35, Issue 3",First published: 31 August 2012,https://onlinelibrary.wiley.com/doi/10.1002/bewi.201201552
259,Applying systems and complexity science to real patient care,Bruce Ramshaw MD,Journal of Evaluation in Clinical Practice,"Volume 26, Issue 5",First published: 02 September 2020,https://onlinelibrary.wiley.com/doi/10.1111/jep.13442
260,Fruitful Interchange or Polite Chitchat? The Dialogue Between Science and Theology,"William A. Dembski, Stephen C. Meyer",Zygon®,"Volume 33, Issue 3",First published: 21 January 2004,https://onlinelibrary.wiley.com/doi/10.1111/0591-2385.00158
261,Science education and labor market outcomes in a developing economy,"Tarun Jain, Abhiroop Mukhopadhyay, Nishith Prakash, Raghav Rakesh",Economic Inquiry,"Volume 60, Issue 2",First published: 16 October 2021,https://onlinelibrary.wiley.com/doi/10.1111/ecin.13044
262,“I'm just not that great at science”: Science self-efficacy in arts and communication students,"Eileen McBride, W. Wyatt Oswald, Lindsey A. Beck, Amy Vashlishan Murray",Journal of Research in Science Teaching,"Volume 57, Issue 4",First published: 29 November 2019,https://onlinelibrary.wiley.com/doi/10.1002/tea.21603
263,New concepts of science and medicine in science and technology studies and their relevance to science education,"Hsiu-Yun Wang, Joel F. Stocker, Daiwie Fu",The Kaohsiung Journal of Medical Sciences,"Volume 28, Issue 2S",First published: 09 January 2012,https://onlinelibrary.wiley.com/doi/10.1016/j.kjms.2011.08.002
264,Science in the National Curriculum: an international perspective,"Graham Orpwood, John Barnett",The Curriculum Journal,"Volume 8, Issue 3",First published: 28 July 2006,https://onlinelibrary.wiley.com/doi/10.1080/0958517970080302
265,Empowerment through education and science: three intersecting strands in the career of Griffith Edwards,Ilana Crome,Addiction,"Volume 110, Issue S2",First published: 03 June 2015,https://onlinelibrary.wiley.com/doi/10.1111/add.12909
266,Nightingale's realist philosophy of science,"Sam Porter RN, DipN, BSSc, PhD",Nursing Philosophy,"Volume 2, Issue 1",First published: 07 January 2009,https://onlinelibrary.wiley.com/doi/10.1046/j.1466-769x.2001.00029.x
267,"THE QURʾĀN AND SCIENCE, PART I: THE PREMODERN ERA",Majid Daneshgar,Zygon®,"Volume 58, Issue 4",First published: 16 October 2023,https://onlinelibrary.wiley.com/doi/10.1111/zygo.12931
268,THE MODERN STUDY OF MYTH AND ITS RELATION TO SCIENCE,Robert A. Segal,Zygon®,"Volume 50, Issue 3",First published: 12 August 2015,https://onlinelibrary.wiley.com/doi/10.1111/zygo.12198
269,“Anybody can do science if they're brave enough”: Understanding the role of science capital in science majors' identity trajectories into and through postsecondary science,"Allison J. Gonsalves, Alexandre Soares Cavalcante, Emily Diane Sprowls, Hailey Iacono",Journal of Research in Science Teaching,"Volume 58, Issue 8",First published: 13 May 2021,https://onlinelibrary.wiley.com/doi/10.1002/tea.21695
270,"Science, Egyptian",Annette Imhausen,N/A,N/A,First published: 29 June 2022,https://onlinelibrary.wiley.com/doi/10.1002/9781444338386.wbeah21286.pub2
271,Co-created environmental health science: Identifying community questions and co-generating knowledge to support science learning,"Mónica D. Ramírez-Andreotta, Sanlyn Buxner, Shana Sandhaus",Journal of Research in Science Teaching,"Volume 60, Issue 8",First published: 22 June 2023,https://onlinelibrary.wiley.com/doi/10.1002/tea.21882
272,HUMAN INDIVIDUALITY AND THE GAP BETWEEN SCIENCE AND RELIGION,Steven Reiss,Zygon®,"Volume 40, Issue 1",First published: 23 March 2005,https://onlinelibrary.wiley.com/doi/10.1111/j.1467-9744.2005.00649.x
273,"The Rehabilitation of Common Sense: Social Representations, Science and Cognitive Polyphasia",SANDRA JOVCHELOVITCH,Journal for the Theory of Social Behaviour,"Volume 38, Issue 4",First published: 09 December 2008,https://onlinelibrary.wiley.com/doi/10.1111/j.1468-5914.2008.00378.x
274,"Clinical Trials and Experimental Science, Bias Against Women in",Sue V. Rosser,N/A,N/A,First published: 28 October 2015,https://onlinelibrary.wiley.com/doi/10.1002/9781118663219.wbegss035
275,The Interdisciplinary Role of Soil Science within the University Environmental Science Arena,Ian L. Pepper,N/A,N/A,First published: 01 June 1995,https://onlinelibrary.wiley.com/doi/10.2136/sssaspecpub45.c7
276,"U.S. College Students’ Perception of Religion and Science: Conflict, Collaboration, or Independence? A Research Note",Christopher P. Scheitle,Journal for the Scientific Study of Religion,"Volume 50, Issue 1",First published: 02 March 2011,https://onlinelibrary.wiley.com/doi/10.1111/j.1468-5906.2010.01558.x
277,Citizen Science im Kaiserreich. Die Systemstelle „Wertlose Einsendungen aus der Bevölkerung“ im Archiv der Berlin-Brandenburgischen Akademie der Wissenschaften,Markus Krajewski,Berichte zur Wissenschaftsgeschichte,"Volume 41, Issue 4",First published: 07 December 2018,https://onlinelibrary.wiley.com/doi/10.1002/bewi.201801917
278,Life Science in Österreich,Kurt Hermann,Nachrichten aus der Chemie,"Volume 58, Issue 11",First published: 12 November 2010,https://onlinelibrary.wiley.com/doi/10.1002/nadc.201076629
279,"Institutionalizing foresight in science, technology, and innovation in sub-Saharan Africa","John Ouma-Mugabe, Anthon Botha, Petrus Letaba",Development Policy Review,"Volume 42, Issue S1",First published: 04 June 2024,https://onlinelibrary.wiley.com/doi/10.1111/dpr.12789
280,‘Be Creative and Have Fun’: elementary-aged children's digital and embodied composing in science,"Rebecca Woodard, Amanda R. Diaz, Nathan C. Phillips, Maria Varelas, Rachelle Tsachor, Rebecca Kotler, Ronan Rock, Miguel Melchor",Literacy,"Volume 58, Issue 2",First published: 14 March 2024,https://onlinelibrary.wiley.com/doi/10.1111/lit.12365
281,Where civics meets science: building science for the public good through Civic Science,"JA Garlick, P Levine",Oral Diseases,"Volume 23, Issue 6",First published: 07 July 2016,https://onlinelibrary.wiley.com/doi/10.1111/odi.12534
282,"Cultural Schemas of Religion, Science, and Law in Talk About Social Controversies","Penny Edgell, Kathleen E. Hull",Sociological Forum,"Volume 32, Issue 2",First published: 22 February 2017,https://onlinelibrary.wiley.com/doi/10.1111/socf.12331
283,"Introduction: Sport, Science and Sports Science",Ronald J. Maughan PhD,N/A,N/A,First published: 28 November 2008,https://onlinelibrary.wiley.com/doi/10.1002/9781444303315.ch
284,THE INFERENCE THAT MAKES SCIENCE,Ernan McMullin,Zygon®,"Volume 48, Issue 1",First published: 24 February 2013,https://onlinelibrary.wiley.com/doi/10.1111/j.1467-9744.2012.01319.x
285,THE FAUST CHALLENGE: SCIENCE AS DIABOLIC OR DIVINE,Ingrid H. Shafer,Zygon®,"Volume 40, Issue 4",First published: 25 November 2005,https://onlinelibrary.wiley.com/doi/10.1111/j.1467-9744.2005.00715.x
286,Humanising forces: Phenomenology in science; Psychotherapy in technological culture,Les Todres,Counselling and Psychotherapy Research,"Volume 3, Issue 3",First published: 18 August 2006,https://onlinelibrary.wiley.com/doi/10.1080/14733140312331384352
287,"The History of Science, Or, an Oxymoronic Theory of Relativistic Objectivity",Ken Alder,N/A,N/A,First published: 01 January 2002,https://onlinelibrary.wiley.com/doi/10.1002/9780470998748.ch16
288,Enabling data-driven collaborative and reproducible environmental synthesis science,"Julien Brun, Nicholas J. Lyon, Angel Chen, Ingrid Slette, Gabriel De La Rosa, Jennifer E. Caselle, Frank W. Davis, Martha R. Downs",Methods in Ecology and Evolution,Early View,First published: 15 April 2025,https://onlinelibrary.wiley.com/doi/10.1111/2041-210X.70036
289,Science engagement as insight into the science identity work nurtured in community-based science clubs,"Lydia E. Carol-Ann Burke, Ana Maria Navas Iannini",Journal of Research in Science Teaching,"Volume 58, Issue 9",First published: 24 May 2021,https://onlinelibrary.wiley.com/doi/10.1002/tea.21714
290,Suspending Belief: Epoché in Animal Behavior Science,Matei Candea,American Anthropologist,"Volume 115, Issue 3",First published: 20 August 2013,https://onlinelibrary.wiley.com/doi/10.1111/aman.12026
291,Sense of relatedness and science engagement among Filipino high school students,"Jesus Alfonso D. Datu, Amity Noltemeyer",Psychology in the Schools,"Volume 61, Issue 8",First published: 03 May 2024,https://onlinelibrary.wiley.com/doi/10.1002/pits.23224
292,The Plant Science Blogging Project: A curriculum to develop student science communication skills,"Veronica Iriart, Nicole J. Forrester, Tia-Lynn Ashman, Sara E. Kuebbing","Plants, People, Planet","Volume 4, Issue 5",First published: 01 July 2022,https://onlinelibrary.wiley.com/doi/10.1002/ppp3.10287
293,Practice-Based Measures of Elementary Science Teachers' Content Knowledge for Teaching: Initial Item Development and Validity Evidence,"Jamie N. Mikeska, Geoffrey Phelps, Andrew J. Croft",ETS Research Report Series,"Volume 2017, Issue 1",First published: 12 September 2017,https://onlinelibrary.wiley.com/doi/10.1002/ets2.12168
294,The relation between cognitive and metacognitive strategic processing during a science simulation,"Daniel L. Dinsmore, Brian P. Zoellner",British Journal of Educational Psychology,"Volume 88, Issue 1",First published: 10 August 2017,https://onlinelibrary.wiley.com/doi/10.1111/bjep.12177
295,"Resolving Multiple Visions of Nature, Science, and Religion",James D. Proctor,Zygon®,"Volume 39, Issue 3",First published: 12 August 2004,https://onlinelibrary.wiley.com/doi/10.1111/j.1467-9744.2004.t01-1-00606.x
296,200 years of pasteurizing the world of science,Henrik Caspar Wegener,APMIS,"Volume 132, Issue 1",First published: 13 December 2022,https://onlinelibrary.wiley.com/doi/10.1111/apm.13289
297,Science against modernism: the relevance of the social theory of Michael Polanyi,Charles Thorpe,The British Journal of Sociology,"Volume 52, Issue 1",First published: 15 December 2003,https://onlinelibrary.wiley.com/doi/10.1080/00071310020023019
298,The meaning of race in science--considerations for cancer research,Harold P. Freeman M.D.,Cancer,"Volume 82, Issue 1",First published: 31 October 2000,https://onlinelibrary.wiley.com/doi/10.1002/%28SICI%291097-0142%2819980101%2982%3A1%3C219%3A%3AAID-CNCR27%3E3.0.CO%3B2-4
299,Standing Up for Science and Social Justice,Sara Shostak,Sociological Forum,"Volume 33, Issue 1",First published: 04 December 2017,https://onlinelibrary.wiley.com/doi/10.1111/socf.12395
300,"Literature, Religion, and Science: A Personal and Professional Trajectory",Robert Schaible,Zygon®,"Volume 32, Issue 2",First published: 26 January 2004,https://onlinelibrary.wiley.com/doi/10.1111/0591-2385.891997088
301,Science and Trans-Science,Alvin M. Weinberg,N/A,N/A,First published: 01 January 1972,https://onlinelibrary.wiley.com/doi/10.1002/9780470719848.ch8
302,Students' situational engagement profiles in formal and informal science learning environments,"Patrick N. Beymer, Matthew J. Schell, Kimberly M. Alberts, Vicky Phun, Joshua M. Rosenberg, Jennifer A. Schmidt",Journal of Research in Science Teaching,Early View,First published: 09 December 2024,https://onlinelibrary.wiley.com/doi/10.1002/tea.22017
303,THE LOVE RACKET: DEFINING LOVE AND AGAPEFOR THE LOVE-AND-SCIENCE RESEARCH PROGRAM,Thomas Jay Oord,Zygon®,"Volume 40, Issue 4",First published: 25 November 2005,https://onlinelibrary.wiley.com/doi/10.1111/j.1467-9744.2005.00717.x
304,Science and Practice in Clinical Psychology Doctoral Training,Andri S. Bjornsson,Clinical Psychology: Science and Practice,"Volume 19, Issue 4",First published: 21 January 2013,https://onlinelibrary.wiley.com/doi/10.1111/cpsp.12017
305,"SCIENCE, RELIGION, AND THE MEANING OF LIFE AND THE UNIVERSE: “AMALGAM” NARRATIVES OF POLISH NATURAL SCIENTISTS",Maria Rogińska,Zygon®,"Volume 51, Issue 4",First published: 27 November 2016,https://onlinelibrary.wiley.com/doi/10.1111/zygo.12298
306,MAPPING ONE WORLD: RELIGION AND SCIENCE FROM AN EAST ASIAN PERSPECTIVE,Shin Jaeshik,Zygon®,"Volume 51, Issue 1",First published: 18 February 2016,https://onlinelibrary.wiley.com/doi/10.1111/zygo.12239
307,Twenty-two years of psychological science in Psychological Science,"Julio González-Alvarez, Mª Angeles Palomar-García",International Journal of Psychology,"Volume 49, Issue 1",First published: 20 November 2013,https://onlinelibrary.wiley.com/doi/10.1002/ijop.12009
308,Reviewing the National Curriculum for science: opportunities and challenges,Robin Millar,The Curriculum Journal,"Volume 22, Issue 2",First published: 01 June 2011,https://onlinelibrary.wiley.com/doi/10.1080/09585176.2011.574907
309,"Gender, Science, and Medicine in the Early Modern World",Meghan K. Roberts,N/A,N/A,First published: 27 November 2020,https://onlinelibrary.wiley.com/doi/10.1002/9781119535812.ch18
310,MAKING SPACE FOR THE METHODOLOGICAL MOSAIC: THE FUTURE OF THE FIELD OF SCIENCE-AND-RELIGION,Jaime Wright,Zygon®,"Volume 55, Issue 3",First published: 28 August 2020,https://onlinelibrary.wiley.com/doi/10.1111/zygo.12623
311,Scientific evidence: the new emphasis in the practical science curriculum in England and Wales,"Sandra Duggan, Richard Gott",The Curriculum Journal,"Volume 7, Issue 1",First published: Spring 1996,https://onlinelibrary.wiley.com/doi/10.1080/0958517960070103
312,Recommender-as-a-service with chatbot guided domain-science knowledge discovery in a science gateway,"Komal Vekaria, Prasad Calyam, Sai Swathi Sivarathri, Songjie Wang, Yuanxun Zhang, Ashish Pandey, Cong Chen, Dong Xu, Trupti Joshi, Satish Nair",Concurrency and Computation: Practice and Experience,"Volume 33, Issue 19",First published: 11 November 2020,https://onlinelibrary.wiley.com/doi/10.1002/cpe.6080
313,A Parallel Between Radical Reductionism in Science and in Art,"ERIC R. KANDEL, SARAH MACK",Annals of the New York Academy of Sciences,"Volume 1001, Issue 1",First published: 24 January 2006,https://onlinelibrary.wiley.com/doi/10.1196/annals.1279.016
314,Psychological Distance to Science Affects Science Evaluations,"Bojana Većkalov, Natalia Zarzeczna, Frenk van Harreveld, Bastiaan T. Rutjens",Journal of Social Issues,"Volume 81, Issue 1",First published: 18 February 2025,https://onlinelibrary.wiley.com/doi/10.1111/josi.12663
315,Alcohol industry involvement in science: A systematic review of the perspectives of the alcohol research community,"Jim McCambridge, Melissa Mialon",Drug and Alcohol Review,"Volume 37, Issue 5",First published: 13 June 2018,https://onlinelibrary.wiley.com/doi/10.1111/dar.12826
316,George Eliot and the Science of the Human,Ian Duncan,N/A,N/A,First published: 01 April 2013,https://onlinelibrary.wiley.com/doi/10.1002/9781118542347.ch33
317,Refracted Knowledge: Viewing Families Through the Prism of Social Science,Alexis J. Walker,Journal of Marriage and Family,"Volume 62, Issue 3",First published: 02 March 2004,https://onlinelibrary.wiley.com/doi/10.1111/j.1741-3737.2000.00595.x
318,Science Cafés: Engaging Scientists and Community through Health and Science Dialogue,"Syed Ahmed M.D., M.P.H., Dr.P.H., Mia C. DeFino M.S., Emily R. Connors M.S., Anne Kissack M.P.H., R.D., Zeno Franco Ph.D.",Clinical and Translational Science,"Volume 7, Issue 3",First published: 09 April 2014,https://onlinelibrary.wiley.com/doi/10.1111/cts.12153
319,From sociology to historical social science: prospects and obstacles,Immanuel Wallerstein,The British Journal of Sociology,"Volume 51, Issue 1",First published: 21 August 2008,https://onlinelibrary.wiley.com/doi/10.1111/j.1468-4446.2000.00025.x
320,Whose evidence? Lessons from the philosophy of science and the epistemology of medicine,Edwin Harari,Australian and New Zealand Journal of Psychiatry,"Volume 35, Issue 6",First published: 18 September 2008,https://onlinelibrary.wiley.com/doi/10.1046/j.1440-1614.2001.00957.x
321,Ist chemisches Wissen vorläufig oder beständig oder beides? – Untersuchung der Vorstellungen von Lehramtsstudierenden über die Vorläufigkeit von Erkenntnissen in der Chemie,"Stefan Müller, Christiane S. Reiners",CHEMKON,"Volume 28, Issue 5",First published: 16 September 2020,https://onlinelibrary.wiley.com/doi/10.1002/ckon.201900080
322,MUTUAL ENHANCEMENT BETWEEN SCIENCE AND RELIGION: IN THE FOOTSTEPS OF THE EPIPHANY PHILOSOPHERS,Fraser Watts,Zygon®,"Volume 54, Issue 4",First published: 13 November 2019,https://onlinelibrary.wiley.com/doi/10.1111/zygo.12558
323,REALISM WITHOUT TRUTH: A REVIEW OF GIERE'S SCIENCE WITHOUT LAWS AND SCIENTIFIC PERSPECTIVISM,Timothy D. Hackenberg,Journal of the Experimental Analysis of Behavior,"Volume 91, Issue 3",First published: 26 February 2013,https://onlinelibrary.wiley.com/doi/10.1901/jeab.2009.91-391
324,Multimodal teacher input and science learning in a middle school sheltered classroom,Ying Zhang,Journal of Research in Science Teaching,"Volume 53, Issue 1",First published: 18 December 2015,https://onlinelibrary.wiley.com/doi/10.1002/tea.21295
325,Science and power: Francoist Spain (1939–1975) as a case study,Antoni Malet,Centaurus,"Volume 61, Issue 1-2",First published: 18 February 2020,https://onlinelibrary.wiley.com/doi/10.1111/1600-0498.12210
326,"SCIENCE, SPIRITUALITY, AND AYAHUASCA: THE PROBLEM OF CONSCIOUSNESS AND SPIRITUAL ONTOLOGIES IN THE ACADEMY",Ismael Apud,Zygon®,"Volume 52, Issue 1",First published: 12 February 2017,https://onlinelibrary.wiley.com/doi/10.1111/zygo.12315
327,"Community, Culture and Sustainability in Multilevel Dynamic Systems Intervention Science",Jean J. Schensul,American Journal of Community Psychology,"Volume 43, Issue 3-4",First published: 22 April 2009,https://onlinelibrary.wiley.com/doi/10.1007/s10464-009-9228-x
328,"Comparing students' engineering and science aspirations from age 10 to 16: Investigating the role of gender, ethnicity, cultural capital, and attitudinal factors","Julie Moote, Louise Archer, Jenifer DeWitt, Emily MacLeod",Journal of Engineering Education,"Volume 109, Issue 1",First published: 19 December 2019,https://onlinelibrary.wiley.com/doi/10.1002/jee.20302
329,STIRPICULTURE: SCIENCE-GUIDED HUMAN PROPAGATION AND THE ONEIDA COMMUNITY,Alexandra Prince,Zygon®,"Volume 52, Issue 1",First published: 12 February 2017,https://onlinelibrary.wiley.com/doi/10.1111/zygo.12319
330,WHAT IS THE ROLE OF SCIENCE IN THE DIALOGUE PROPOSED BY WILLIAM KLINK?,Thomas L. Gilbert,Zygon®,"Volume 27, Issue 2",First published: June 1992,https://onlinelibrary.wiley.com/doi/10.1111/j.1467-9744.1992.tb01011.x
331,Food Evolution: The Impact of Society and Science on the Fermentation of Cocoa Beans,"Gulustan Ozturk, Glenn M. Young",Comprehensive Reviews in Food Science and Food Safety,"Volume 16, Issue 3",First published: 21 April 2017,https://onlinelibrary.wiley.com/doi/10.1111/1541-4337.12264
332,Die Graduiertenschule Solvation Science,"Nina Winter, Marcus Petermann",Chemie in unserer Zeit,"Volume 51, Issue 1",First published: 02 February 2017,https://onlinelibrary.wiley.com/doi/10.1002/ciuz.201700776
333,Gender and conservation science: Men continue to out-publish women at the world's largest environmental conservation non-profit organization,"Robyn James, Javkhlan Ariunbaatar, Meaghan Bresnahan, Chelsea Carlos-Grotjahn, Jonathan R. B. Fisher, Bridget Gibbs, Justine E. Hausheer, Cynthia Nakozoete, Sarah-Kate Nomura, Hugh Possingham, Kristen Lyons",Conservation Science and Practice,"Volume 4, Issue 8",First published: 28 June 2022,https://onlinelibrary.wiley.com/doi/10.1111/csp2.12748
334,Placing the View from Nowhere: Historical and Sociological Problems in the Location of Science,Steven Shapin,Transactions of the Institute of British Geographers,"Volume 23, Issue 1",First published: 01 April 2004,https://onlinelibrary.wiley.com/doi/10.1111/j.0020-2754.1998.00005.x
335,"SCIENCE, PROPERTY, AND KINSHIP IN REPATRIATION DEBATES",Stuart Kirsch,Museum Anthropology,"Volume 34, Issue 2",First published: 22 September 2011,https://onlinelibrary.wiley.com/doi/10.1111/j.1548-1379.2011.01110.x
336,"Random reflections on science, art and technique applied to medicine and its evaluation",François Grémy,Journal of Evaluation in Clinical Practice,"Volume 5, Issue 2",First published: 25 December 2001,https://onlinelibrary.wiley.com/doi/10.1046/j.1365-2753.1999.00153.x
337,Science in Dispute: Debating the Authority of Knowledge in an Environmental Contestation,Erin Tuckwell,Oceania,"Volume 82, Issue 3",First published: 02 January 2013,https://onlinelibrary.wiley.com/doi/10.1002/j.1834-4461.2012.tb00136.x
338,"Principles of successful brand management: art, science, craft","Jesko Perrey, Dennis Spillecke",N/A,N/A,First published: 02 January 2012,https://onlinelibrary.wiley.com/doi/10.1002/9781119207900.ch1
339,Modeling Student Negotiation of Assessment-Related Epistemological Messages in a College Science Course,"Cara E. Schwarz, Kimberly S. DeGlopper, Nicole C. Greco, Rosemary S. Russ, Ryan L. Stowe",Science Education,"Volume 109, Issue 2",First published: 02 November 2024,https://onlinelibrary.wiley.com/doi/10.1002/sce.21914
340,Secondary school teachers’ perspectives on teaching about topics that bridge science and religion,"Berry Billingsley, Fran Riga, Keith S. Taber, Helen Newdick",The Curriculum Journal,"Volume 25, Issue 3",First published: 03 July 2014,https://onlinelibrary.wiley.com/doi/10.1080/09585176.2014.920264
341,The roles of science and technology in energy and environment research and development,"Ibrahim Dincer, Marc A. Rosen",International Journal of Energy Research,"Volume 25, Issue 13",First published: 27 July 2001,https://onlinelibrary.wiley.com/doi/10.1002/er.746
342,School science and citizenship: whose science and whose citizenship?,Edgar W. Jenkins,The Curriculum Journal,"Volume 17, Issue 3",First published: 01 September 2006,https://onlinelibrary.wiley.com/doi/10.1080/09585170600909647
343,THE GENETIC RECOMBINATION OF SCIENCE AND RELIGION,Stephen M. Modell,Zygon®,"Volume 45, Issue 2",First published: 25 May 2010,https://onlinelibrary.wiley.com/doi/10.1111/j.1467-9744.2010.01095.x
344,THE ECOSYSTEM HEALTH METAPHOR IN SCIENCE AND POLICY,"Nancy Ross, John Eyles, Donald Cole, Adele Iannantuono",Canadian Geographer / Le Géographe canadien,"Volume 41, Issue 2",First published: 28 June 2008,https://onlinelibrary.wiley.com/doi/10.1111/j.1541-0064.1997.tb01152.x
345,Expanding the Role of K-5 Science Instruction in Educational Reform: Implications of an Interdisciplinary Model for Integrating Science and Reading,"Nancy R. Romance, Michael R. Vitale",School Science and Mathematics,"Volume 112, Issue 8",First published: 12 December 2012,https://onlinelibrary.wiley.com/doi/10.1111/ssm.12000
346,Varieties of Ignorance: Mystery and the Unknown in Science and Religion,"Telli Davoodi, Tania Lombrozo",Cognitive Science,"Volume 46, Issue 4",First published: 10 April 2022,https://onlinelibrary.wiley.com/doi/10.1111/cogs.13129
347,"MAGIC, RELIGION, SCIENCE, TECHNOLOGY, AND ETHICS IN THE POSTMODERN WORLD",Barbara A. Strassberg,Zygon®,"Volume 40, Issue 2",First published: 23 May 2005,https://onlinelibrary.wiley.com/doi/10.1111/j.1467-9744.2005.00664.x
348,Treating real people: Science and humanity,"Michael Loughlin PhD, Mathew Mercuri PhD, Alexandra Pârvan PhD, Samantha Marie Copeland PhD, Mark Tonelli MD MA, Stephen Buetow PhD",Journal of Evaluation in Clinical Practice,"Volume 24, Issue 5",First published: 30 August 2018,https://onlinelibrary.wiley.com/doi/10.1111/jep.13024
349,SIMONE WEIL'S SPIRITUAL CRITIQUE OF MODERN SCIENCE: AN HISTORICAL-CRITICAL ASSESSMENT,Joseph K. Cosgrove,Zygon®,"Volume 43, Issue 2",First published: 26 May 2008,https://onlinelibrary.wiley.com/doi/10.1111/j.1467-9744.2008.00921.x
350,Some Economic Aspects of Science,Harry G. Johnson,N/A,N/A,First published: 01 January 1972,https://onlinelibrary.wiley.com/doi/10.1002/9780470719848.ch11
351,"Confronting ‘reality’: Nursing, science and the micro-politics of representation",Kim Walker,Nursing Inquiry,"Volume 1, Issue 1",First published: November 1994,https://onlinelibrary.wiley.com/doi/10.1111/j.1440-1800.1994.tb00123.x
352,Resistance to positivist science in nursing: An assessment of the Australian literature,Colin A Holmes RN Tcert BA(Hons) MPhil PhD,International Journal of Nursing Practice,"Volume 2, Issue 4",First published: December 1996,https://onlinelibrary.wiley.com/doi/10.1111/j.1440-172X.1996.tb00049.x
353,The Social Capital of Global Ties in Science: The Added Value of International Collaboration,"Julia Melkers, Agrita Kiopa",Review of Policy Research,"Volume 27, Issue 4",First published: 25 June 2010,https://onlinelibrary.wiley.com/doi/10.1111/j.1541-1338.2010.00448.x
354,Woody Allen and the (False) Dichotomy of Science and Religion,Mark T. Conard,N/A,N/A,First published: 08 April 2013,https://onlinelibrary.wiley.com/doi/10.1002/9781118514870.ch21
355,"Theology, Science, and Postmodernism: Responding to Stanley Grenz",Edwin C. Laurenson,Zygon®,"Volume 35, Issue 4",First published: 21 January 2004,https://onlinelibrary.wiley.com/doi/10.1111/1467-9744.00321
356,Sketching and verbal self-explanation: Do they help middle school children solve science problems?,"Dana Miller-Cotto, Julie L. Booth, Nora S. Newcombe",Applied Cognitive Psychology,"Volume 36, Issue 4",First published: 27 June 2022,https://onlinelibrary.wiley.com/doi/10.1002/acp.3980
357,Moderator effects of mobile users' pedagogical role on science learning: A meta-analysis,"Lehong Shi, Theodore J. Kopcha",British Journal of Educational Technology,"Volume 53, Issue 6",First published: 04 March 2022,https://onlinelibrary.wiley.com/doi/10.1111/bjet.13210
358,Who's on First? Gender Differences in Performance on the SAT® Test on Critical Reading Items With Sports and Science Content,"Kay Chubbuck, W. Edward Curley, Teresa C. King",ETS Research Report Series,"Volume 2016, Issue 2",First published: 19 August 2016,https://onlinelibrary.wiley.com/doi/10.1002/ets2.12109
359,Narrating and Navigating Authorities: Evangelical and Mainline Protestant Interpretations of the Bible and Science,"Esther Chan, Elaine Howard Ecklund",Journal for the Scientific Study of Religion,"Volume 55, Issue 1",First published: 28 June 2016,https://onlinelibrary.wiley.com/doi/10.1111/jssr.12245
360,A PRESCRIPTION FOR GENERATING A NEW PARADIGM IN THE CONTEXT OF SCIENCE AND THEOLOGY,Francis O. Schmitt,Zygon®,"Volume 27, Issue 4",First published: December 1992,https://onlinelibrary.wiley.com/doi/10.1111/j.1467-9744.1992.tb01078.x
361,"Science, scale and the frontier of governing mobile marine species","Elizabeth Havice, Lisa M. Campbell, Amy Braun",International Social Science Journal,"Volume 68, Issue 229-230",First published: 20 December 2018,https://onlinelibrary.wiley.com/doi/10.1111/issj.12166
362,Present in class yet absent in science: The individual and societal impact of inequitable science instruction and challenge to improve science instruction,"Tamecia R. Jones, Shondricka Burrell",Science Education,"Volume 106, Issue 5",First published: 10 May 2022,https://onlinelibrary.wiley.com/doi/10.1002/sce.21728
363,Science motivation questionnaire II: Validation with science majors and nonscience majors,"Shawn M. Glynn, Peggy Brickman, Norris Armstrong, Gita Taasoobshirazi",Journal of Research in Science Teaching,"Volume 48, Issue 10",First published: 20 September 2011,https://onlinelibrary.wiley.com/doi/10.1002/tea.20442
364,Towards truly inclusive science education: a case study of successful curriculum innovation in a special school,Jane Essex,Support for Learning,"Volume 35, Issue 4",First published: 30 September 2020,https://onlinelibrary.wiley.com/doi/10.1111/1467-9604.12332
365,Students' attitudes toward science and science achievement: An analysis of the differential effects of science instructional practices,Pey-Yan Liou,Journal of Research in Science Teaching,"Volume 58, Issue 3",First published: 08 June 2020,https://onlinelibrary.wiley.com/doi/10.1002/tea.21643
366,The contributions of insulin to science in medicine,"Peter Kurtzhals, Stephen C. L. Gough",Diabetic Medicine,"Volume 38, Issue 12",First published: 16 June 2021,https://onlinelibrary.wiley.com/doi/10.1111/dme.14623
367,"Ideology, Elitism and Social Commitment: Alternative Images of Science in Two fin de siècle Barcelona Newspapers","Matiana González-Silva, Néstor Herran",Centaurus,"Volume 51, Issue 2",First published: 28 April 2009,https://onlinelibrary.wiley.com/doi/10.1111/j.1600-0498.2009.00143.x
368,"The “Peter Principle” revisited—Reflections on science, surgery and research",Peter Thomson,Journal of Oral Pathology & Medicine,"Volume 49, Issue 7",First published: 12 March 2020,https://onlinelibrary.wiley.com/doi/10.1111/jop.13011
369,Re-thinking nursing science through the understanding of Buddhism,"Beth L. Rodgers PhD RN FAAN, Wen-Jiuan Yen",Nursing Philosophy,"Volume 3, Issue 3",First published: 21 October 2002,https://onlinelibrary.wiley.com/doi/10.1046/j.1466-769X.2002.00105.x
370,Representations of nature of science in U.S. science standards: A historical account with contemporary implications,"Ryan Summers, Sahar Alameh, Jeanne Brunner, John M. Maddux, Robert C. Wallon, Fouad Abd-El-Khalick",Journal of Research in Science Teaching,"Volume 56, Issue 9",First published: 02 April 2019,https://onlinelibrary.wiley.com/doi/10.1002/tea.21551
371,Students' Attitudes Toward Science as Predictors of Gains on Student Content Knowledge: Benefits of an After-School Program,"Alana D. Newell, Linda R. Zientek, Barbara Z. Tharp, Gregory L. Vogt, Nancy P. Moreno",School Science and Mathematics,"Volume 115, Issue 5",First published: 05 May 2015,https://onlinelibrary.wiley.com/doi/10.1111/ssm.12125
372,Creation and the Symbiosis of Science and Judaism,Norbert M. Samuelson,Zygon®,"Volume 37, Issue 1",First published: 21 January 2004,https://onlinelibrary.wiley.com/doi/10.1111/1467-9744.00417
373,"Science, Environmentalism, and Environmental Science",,N/A,N/A,First published: 29 May 2008,https://onlinelibrary.wiley.com/doi/10.1002/9780470413708.ch5
374,One hundred important questions facing plant science: an international perspective,"Emily May Armstrong, Emily R. Larson, Helen Harper, Cerian R. Webb, Frank Dohleman, Yoseph Araya, Claire Meade, Xiangyan Feng, Benard Mukoye, Maureece J. Levin, Benoit Lacombe, Ahmet Bakirbas, Amanda A. Cardoso, Delphine Fleury, Arthur Gessler, Deepak Jaiswal, Nawaporn Onkokesung, Varsha S. Pathare, Shyam S. Phartyal, Sanna A. Sevanto, Ida Wilson, Claire S. Grierson",New Phytologist,"Volume 238, Issue 2",First published: 16 March 2023,https://onlinelibrary.wiley.com/doi/10.1111/nph.18771
375,Molecularization in nutritional science: A view from philosophy of science,"Alexander Ströhle, Frank Döring",Molecular Nutrition & Food Research,"Volume 54, Issue 10",First published: 21 June 2010,https://onlinelibrary.wiley.com/doi/10.1002/mnfr.201000078
376,Why geographic data science is not a science,"Simon Scheider, Enkhbold Nyamsuren, Han Kruiger, Haiqi Xu",Geography Compass,"Volume 14, Issue 11",First published: 24 July 2020,https://onlinelibrary.wiley.com/doi/10.1111/gec3.12537
377,Family Science as Translational Science: A History of the Discipline,"Raeann R. Hamon, Suzanne R. Smith",Family Relations,"Volume 66, Issue 4",First published: 14 December 2017,https://onlinelibrary.wiley.com/doi/10.1111/fare.12273
378,BUILDING ENTHUSIASM AND OVERCOMING FEAR: ENGAGING WITH CHRISTIAN LEADERS IN AN AGE OF SCIENCE,"Lydia Reid, David Wilkinson",Zygon®,"Volume 56, Issue 4",First published: 22 September 2021,https://onlinelibrary.wiley.com/doi/10.1111/zygo.12731
379,Hypothetical biotechnology companies: A role-playing student centered activity for undergraduate science students,Jo-Anne Chuck,Biochemistry and Molecular Biology Education,"Volume 39, Issue 2",First published: 28 March 2011,https://onlinelibrary.wiley.com/doi/10.1002/bmb.20480
380,Eighteenth-Century Science and the Literary Imagination,Tita Chico,N/A,N/A,First published: 10 January 2014,https://onlinelibrary.wiley.com/doi/10.1002/9781118827338.ch61
381,Computational Thinking for Science: Positioning coding as a tool for doing science,"Ari Krakowski, Eric Greenwald, Natalie Roman, Christina Morales, Suzanna Loper",Journal of Research in Science Teaching,"Volume 61, Issue 7",First published: 04 October 2023,https://onlinelibrary.wiley.com/doi/10.1002/tea.21907
382,Das Science Center „Phaeno”︁,"Harald Budelmann Prof. Dr.-Ing., Rolf Gieselmann Dipl.-Ing., Karim Hariri Dr.-Ing., Mathias Höppner Dr. rer. nat., Jürgen Hübscher Dipl.-Ing., Jürgen Malcherek Dipl.-Ing.",Beton- und Stahlbetonbau,"Volume 99, Issue 1",First published: 25 May 2004,https://onlinelibrary.wiley.com/doi/10.1002/best.200490009
383,Whither Latin America? trends and challenges of science in Latin America,"Marcelo Hermes-Lima, Natacha C. F. Santos, Antonieta C. R. Alencastro, Sergio T. Ferreira",IUBMB Life,"Volume 59, Issue 4-5",First published: 03 January 2008,https://onlinelibrary.wiley.com/doi/10.1080/15216540701258751
384,Unique contributions of religious and science beliefs on meaning systems in a nationally representative American sample,"Crystal L. Park, Jeffrey D. Burke, Adam B. David",International Journal of Psychology,"Volume 59, Issue 2",First published: 02 December 2023,https://onlinelibrary.wiley.com/doi/10.1002/ijop.13094
385,Commentary—misconceiving merit: Paradoxes of excellence and devotion in academic science and engineering,Sarah Losoya,Science Education,"Volume 108, Issue 1",First published: 06 October 2023,https://onlinelibrary.wiley.com/doi/10.1002/sce.21840
386,"Science, Technology and the Political Response",Gerard Pelletier,N/A,N/A,First published: 01 January 1972,https://onlinelibrary.wiley.com/doi/10.1002/9780470719848.ch7
387,To know about science is to love it? Unraveling cause–effect relationships between knowledge and attitudes toward science in citizen science on urban wildlife ecology,"Till Bruckermann, Hannah Greving, Anke Schumann, Milena Stillfried, Konstantin Börner, Sophia E. Kimmig, Robert Hagen, Miriam Brandt, Ute Harms",Journal of Research in Science Teaching,"Volume 58, Issue 8",First published: 04 May 2021,https://onlinelibrary.wiley.com/doi/10.1002/tea.21697
388,"Science, Technology and Free Enterprise",Naomi Oreskes,Centaurus,"Volume 52, Issue 4",First published: 21 October 2010,https://onlinelibrary.wiley.com/doi/10.1111/j.1600-0498.2010.00193.x
389,Science identity trajectories throughout school visits to a science museum,"Neta Shaby, Dana Vedder-Weiss",Journal of Research in Science Teaching,"Volume 57, Issue 5",First published: 20 November 2019,https://onlinelibrary.wiley.com/doi/10.1002/tea.21608
390,Exploring factors that impact physical science doctoral student role identities through a multiple case study approach,"Anne M. McAlister, Sarah Lilly, Jennifer L. Chiu",Science Education,"Volume 106, Issue 6",First published: 06 July 2022,https://onlinelibrary.wiley.com/doi/10.1002/sce.21754
391,SCIENCE AND PSEUDO-SCIENCE: THE CASE OF CREATIONISM,R. G. A. Dolby,Zygon®,"Volume 22, Issue 2",First published: June 1987,https://onlinelibrary.wiley.com/doi/10.1111/j.1467-9744.1987.tb00846.x
392,Science and Policy,Kevin C. Elliott,N/A,N/A,First published: 06 October 2015,https://onlinelibrary.wiley.com/doi/10.1002/9781119072218.ch37
393,A Confluence of Third-Phase Science and Dialogic Design Science,"Kenneth C. Bausch, Thomas R. Flanagan",Systems Research and Behavioral Science,"Volume 30, Issue 4",First published: 29 January 2013,https://onlinelibrary.wiley.com/doi/10.1002/sres.2166
394,"Republican Animals: Politics, Science and the Birth of Ecology",PETER C. MESSER,Journal for Eighteenth-Century Studies,"Volume 33, Issue 4",First published: 17 November 2010,https://onlinelibrary.wiley.com/doi/10.1111/j.1754-0208.2010.00325.x
395,Postface: Concluding Remarks on Relevance and Impact of Political Science in Switzerland,"Karin Ingold, Isabelle Stadelmann-Steffen",Swiss Political Science Review,"Volume 30, Issue 3",First published: 22 August 2024,https://onlinelibrary.wiley.com/doi/10.1111/spsr.12615
396,Science ohne Fiction,"Ludger Weß, Wolfgang Nellen",Biologie in unserer Zeit,"Volume 46, Issue 6",First published: 13 December 2016,https://onlinelibrary.wiley.com/doi/10.1002/biuz.201610608
397,e-Science Central for CARMEN: science as a service,"Paul Watson, Hugo Hiden, Simon Woodman",Concurrency and Computation: Practice and Experience,"Volume 22, Issue 17",First published: 28 August 2010,https://onlinelibrary.wiley.com/doi/10.1002/cpe.1611
398,Gap analysis of social science resources for conservation practice,"Diane Detoeuf, Emiel de Lange, Harriet Ibbett, Trisha Gupta, Constanza Monterrubio Solís, Krossy Mavakala, Mariana Labão Catapani, Heidi E. Kretser, Eleanor J. Milner-Gulland, Stephanie Brittain, Helen Newing, Brandie Fariss, Charlotte Spira, Harold N. Eyster, Nicole DeMello, Kenneth E. Wallen, Sara A. Thornton, Nathan J. Bennett, Li Ling Choo",Conservation Biology,"Volume 39, Issue 2",First published: 01 April 2025,https://onlinelibrary.wiley.com/doi/10.1111/cobi.14463
399,"Cosmopolitics: towards a new articulation of politics, science and critique",Hiro Saito,The British Journal of Sociology,"Volume 66, Issue 3",First published: 14 July 2015,https://onlinelibrary.wiley.com/doi/10.1111/1468-4446.12134
400,On the relationship between disaster risk science and risk science,Terje Aven,Risk Analysis,Early View,First published: 25 April 2025,https://onlinelibrary.wiley.com/doi/10.1111/risa.70045
